counter,parent,child
0,c09e24fcbe4042ef12ce74c739c6d8cd,7ee38c9fbcb854270efa490c827a7f6d
0,c09e24fcbe4042ef12ce74c739c6d8cd,75c03e2d60d21e87fbd1553672329614
0,c09e24fcbe4042ef12ce74c739c6d8cd,f8040defde020b4d1526a24e1bf5fe1a
0,8c06548732cb1c2bcc7611699e9a0c0a,ff216acfe198d1f17bb724a4c0e63282
0,8c06548732cb1c2bcc7611699e9a0c0a,3a98eec2aa5ea8081d6d4b92a22bd725
2,e5641fdb20a4468a60ac67f9ac890bf0,3716bf65f15feb5adb223113f99ff4cd
2,e5641fdb20a4468a60ac67f9ac890bf0,3d949da8d3a0b4204b7069edc0187cc9
2,3716bf65f15feb5adb223113f99ff4cd,e5641fdb20a4468a60ac67f9ac890bf0
2,3716bf65f15feb5adb223113f99ff4cd,3d949da8d3a0b4204b7069edc0187cc9
3,73b6c1a7fd1dd0e7dc3a1ace4ec1dfe6,bd40d25177127710ca1136aa43c197b6
3,73b6c1a7fd1dd0e7dc3a1ace4ec1dfe6,260262536479b910a0189fa0cbf1c1f9
3,73b6c1a7fd1dd0e7dc3a1ace4ec1dfe6,236a6f0d068198505997bfe9763c00b9
3,f132f8ecd8aad843bd5e5c5131b05cca,99fc06dc830fff710b860ed7e21bb4e5
3,f132f8ecd8aad843bd5e5c5131b05cca,91a9587224dddded16896506f18655c6
3,91a9587224dddded16896506f18655c6,99fc06dc830fff710b860ed7e21bb4e5
3,91a9587224dddded16896506f18655c6,f132f8ecd8aad843bd5e5c5131b05cca
3,1b198c1b18cdd62ba51fdb65352099d0,55e8ec3998c38ce8a20b3db9c95062a8
3,1b198c1b18cdd62ba51fdb65352099d0,abb28e52222ce16214de52915129167b
6,389952bf1da61614129a856af1d4a229,e519c75db586a172dead7843d9743347
6,389952bf1da61614129a856af1d4a229,026973767bbf8a885b349693a581e8f3
6,026973767bbf8a885b349693a581e8f3,e519c75db586a172dead7843d9743347
6,026973767bbf8a885b349693a581e8f3,389952bf1da61614129a856af1d4a229
6,e519c75db586a172dead7843d9743347,026973767bbf8a885b349693a581e8f3
6,e519c75db586a172dead7843d9743347,389952bf1da61614129a856af1d4a229
6,ba65ea5016b20390d8a32d5e9c6266fb,a3fcc2ccd70ee9fa50d2d9218ef88b91
6,ba65ea5016b20390d8a32d5e9c6266fb,9558a4538fd768151664c99509e378db
6,9558a4538fd768151664c99509e378db,a3fcc2ccd70ee9fa50d2d9218ef88b91
6,9558a4538fd768151664c99509e378db,ba65ea5016b20390d8a32d5e9c6266fb
6,a3fcc2ccd70ee9fa50d2d9218ef88b91,ba65ea5016b20390d8a32d5e9c6266fb
6,a3fcc2ccd70ee9fa50d2d9218ef88b91,9558a4538fd768151664c99509e378db
6,31b43adcae01eb7f5bed04e3c6431776,f37bcee0ad63c8c3ccc57effc718163d
6,31b43adcae01eb7f5bed04e3c6431776,89fdd2250dae13766a24160086ee39dc
6,31b43adcae01eb7f5bed04e3c6431776,d42119e604398c17be755cf082147b50
6,89fdd2250dae13766a24160086ee39dc,f37bcee0ad63c8c3ccc57effc718163d
6,89fdd2250dae13766a24160086ee39dc,d42119e604398c17be755cf082147b50
6,89fdd2250dae13766a24160086ee39dc,31b43adcae01eb7f5bed04e3c6431776
6,f37bcee0ad63c8c3ccc57effc718163d,89fdd2250dae13766a24160086ee39dc
6,f37bcee0ad63c8c3ccc57effc718163d,d42119e604398c17be755cf082147b50
6,f37bcee0ad63c8c3ccc57effc718163d,31b43adcae01eb7f5bed04e3c6431776
6,d42119e604398c17be755cf082147b50,f37bcee0ad63c8c3ccc57effc718163d
6,d42119e604398c17be755cf082147b50,89fdd2250dae13766a24160086ee39dc
6,d42119e604398c17be755cf082147b50,31b43adcae01eb7f5bed04e3c6431776
8,8a91666c94749a41340c402aaf4341e3,873cd0df467cd8ed0206ab1ff00e5ba4
8,8a91666c94749a41340c402aaf4341e3,39c399bb04e5ea21111908b0bf6fbe28
8,39c399bb04e5ea21111908b0bf6fbe28,873cd0df467cd8ed0206ab1ff00e5ba4
8,39c399bb04e5ea21111908b0bf6fbe28,8a91666c94749a41340c402aaf4341e3
9,4f9f556956d9b3ca770611a4c3b736f9,79b55365778380b6af23e34cc0d564dd
9,4f9f556956d9b3ca770611a4c3b736f9,00bad69b0a1ee4df7a940de05dfaa9ec
9,4f9f556956d9b3ca770611a4c3b736f9,f8b96502013bb7b239a1890627b094ab
9,9217d6a290c01a29995009a1a73b501a,86940ad74916e0aecc901a4be1c83cbd
9,9217d6a290c01a29995009a1a73b501a,f3273507959a123572cf372da83fdeb6
9,9217d6a290c01a29995009a1a73b501a,305ceacfee27b3bd02ff4e81045a5606
9,9217d6a290c01a29995009a1a73b501a,4935772a93863e419fff445fd41c0abe
9,9217d6a290c01a29995009a1a73b501a,af93b224051fff461f0a71724c47a5a6
9,1976851c356c75d8891225c74047e85d,3e438d96e174e5964ff080e6e41199f3
9,1976851c356c75d8891225c74047e85d,0f029bc74fcfb0404718e00e07897103
9,1976851c356c75d8891225c74047e85d,628d968d1b05572c21eb6b133c0275c1
9,1976851c356c75d8891225c74047e85d,ebbbeb66c103b573856b9313c68ba20b
9,e73b9fd95ac94b84d9a6d6bb9c3ae9cb,9cd92e357af189962ff5e9b8b9d62611
9,e73b9fd95ac94b84d9a6d6bb9c3ae9cb,f76f84a6fdbc48b0f31d084b3df7b8af
9,e73b9fd95ac94b84d9a6d6bb9c3ae9cb,367f985d9e5c83b8858d77f70f2a17cd
9,e73b9fd95ac94b84d9a6d6bb9c3ae9cb,0e365bef515dd1e1e43eab7ab6bb446b
9,924e53a357ab16aa4ffe35749f6e8f8e,9ab8ed6e79680767b21e2beb1630c208
9,924e53a357ab16aa4ffe35749f6e8f8e,b4143db7b157df838b4c8718edcaef6e
9,924e53a357ab16aa4ffe35749f6e8f8e,cf0a56a8124b11a52dae122ae1c605cd
9,305ceacfee27b3bd02ff4e81045a5606,af93b224051fff461f0a71724c47a5a6
9,305ceacfee27b3bd02ff4e81045a5606,86940ad74916e0aecc901a4be1c83cbd
9,305ceacfee27b3bd02ff4e81045a5606,4935772a93863e419fff445fd41c0abe
9,305ceacfee27b3bd02ff4e81045a5606,f3273507959a123572cf372da83fdeb6
9,305ceacfee27b3bd02ff4e81045a5606,9217d6a290c01a29995009a1a73b501a
9,81667a98e524bf7503091c16644c903d,6c61b39c06b1afe189c26e2aee672f8c
9,81667a98e524bf7503091c16644c903d,7fbb300be42e9b1a79f75ed50f423507
9,6c61b39c06b1afe189c26e2aee672f8c,81667a98e524bf7503091c16644c903d
9,6c61b39c06b1afe189c26e2aee672f8c,7fbb300be42e9b1a79f75ed50f423507
9,7fbb300be42e9b1a79f75ed50f423507,81667a98e524bf7503091c16644c903d
9,7fbb300be42e9b1a79f75ed50f423507,6c61b39c06b1afe189c26e2aee672f8c
9,f8b96502013bb7b239a1890627b094ab,4f9f556956d9b3ca770611a4c3b736f9
9,f8b96502013bb7b239a1890627b094ab,00bad69b0a1ee4df7a940de05dfaa9ec
9,f8b96502013bb7b239a1890627b094ab,79b55365778380b6af23e34cc0d564dd
9,de6aba2e78044c096eb276422c4f2038,987ce250462165b7efe7ed7856812ce4
9,de6aba2e78044c096eb276422c4f2038,00b274b575402cef08c29c9740d9bd63
9,de6aba2e78044c096eb276422c4f2038,d44204beffa4b5a213e2ce995bcb211a
9,de6aba2e78044c096eb276422c4f2038,b2b32125660f56c56a70773da1ee1656
9,94844d81fcccebe38b948f721f2d9632,5bf00f777ef34d836b5e814b99964f5a
9,94844d81fcccebe38b948f721f2d9632,e86a8ebaac85e31f93d99d9190039dbf
9,94844d81fcccebe38b948f721f2d9632,1d6ea4445537a9d758d54aac8a108f84
9,94844d81fcccebe38b948f721f2d9632,0bec9d2f812ee014d822a7fd4c2ea081
9,94844d81fcccebe38b948f721f2d9632,3d5fed35e500feec1eea80d443d21f61
9,c46dee1177224807b23d51e5dff9909b,93fa77e338479cf34e6f22f0071123b6
9,c46dee1177224807b23d51e5dff9909b,b9235a43d5e33667755c1b18579947d4
9,c46dee1177224807b23d51e5dff9909b,f6aa2fd3a9236b5776d92c0812279077
9,c46dee1177224807b23d51e5dff9909b,3974cfdd6b5f4f62e48a1531b2f7b2d5
9,c46dee1177224807b23d51e5dff9909b,fcdeb345d683cfff2a87edd8998c3e49
9,93fa77e338479cf34e6f22f0071123b6,c46dee1177224807b23d51e5dff9909b
9,93fa77e338479cf34e6f22f0071123b6,b9235a43d5e33667755c1b18579947d4
9,93fa77e338479cf34e6f22f0071123b6,f6aa2fd3a9236b5776d92c0812279077
9,93fa77e338479cf34e6f22f0071123b6,3974cfdd6b5f4f62e48a1531b2f7b2d5
9,93fa77e338479cf34e6f22f0071123b6,fcdeb345d683cfff2a87edd8998c3e49
9,5bf00f777ef34d836b5e814b99964f5a,94844d81fcccebe38b948f721f2d9632
9,5bf00f777ef34d836b5e814b99964f5a,1d6ea4445537a9d758d54aac8a108f84
9,5bf00f777ef34d836b5e814b99964f5a,0bec9d2f812ee014d822a7fd4c2ea081
9,5bf00f777ef34d836b5e814b99964f5a,e86a8ebaac85e31f93d99d9190039dbf
9,5bf00f777ef34d836b5e814b99964f5a,3d5fed35e500feec1eea80d443d21f61
9,e86a8ebaac85e31f93d99d9190039dbf,94844d81fcccebe38b948f721f2d9632
9,e86a8ebaac85e31f93d99d9190039dbf,1d6ea4445537a9d758d54aac8a108f84
9,e86a8ebaac85e31f93d99d9190039dbf,0bec9d2f812ee014d822a7fd4c2ea081
9,e86a8ebaac85e31f93d99d9190039dbf,5bf00f777ef34d836b5e814b99964f5a
9,e86a8ebaac85e31f93d99d9190039dbf,3d5fed35e500feec1eea80d443d21f61
9,1d6ea4445537a9d758d54aac8a108f84,94844d81fcccebe38b948f721f2d9632
9,1d6ea4445537a9d758d54aac8a108f84,e86a8ebaac85e31f93d99d9190039dbf
9,1d6ea4445537a9d758d54aac8a108f84,0bec9d2f812ee014d822a7fd4c2ea081
9,1d6ea4445537a9d758d54aac8a108f84,5bf00f777ef34d836b5e814b99964f5a
9,1d6ea4445537a9d758d54aac8a108f84,3d5fed35e500feec1eea80d443d21f61
9,0bec9d2f812ee014d822a7fd4c2ea081,94844d81fcccebe38b948f721f2d9632
9,0bec9d2f812ee014d822a7fd4c2ea081,e86a8ebaac85e31f93d99d9190039dbf
9,0bec9d2f812ee014d822a7fd4c2ea081,1d6ea4445537a9d758d54aac8a108f84
9,0bec9d2f812ee014d822a7fd4c2ea081,5bf00f777ef34d836b5e814b99964f5a
9,0bec9d2f812ee014d822a7fd4c2ea081,3d5fed35e500feec1eea80d443d21f61
9,3d5fed35e500feec1eea80d443d21f61,94844d81fcccebe38b948f721f2d9632
9,3d5fed35e500feec1eea80d443d21f61,e86a8ebaac85e31f93d99d9190039dbf
9,3d5fed35e500feec1eea80d443d21f61,1d6ea4445537a9d758d54aac8a108f84
9,3d5fed35e500feec1eea80d443d21f61,5bf00f777ef34d836b5e814b99964f5a
9,3d5fed35e500feec1eea80d443d21f61,0bec9d2f812ee014d822a7fd4c2ea081
9,f3273507959a123572cf372da83fdeb6,af93b224051fff461f0a71724c47a5a6
9,f3273507959a123572cf372da83fdeb6,4935772a93863e419fff445fd41c0abe
9,f3273507959a123572cf372da83fdeb6,9217d6a290c01a29995009a1a73b501a
9,f3273507959a123572cf372da83fdeb6,305ceacfee27b3bd02ff4e81045a5606
9,f3273507959a123572cf372da83fdeb6,86940ad74916e0aecc901a4be1c83cbd
9,b9235a43d5e33667755c1b18579947d4,c46dee1177224807b23d51e5dff9909b
9,b9235a43d5e33667755c1b18579947d4,93fa77e338479cf34e6f22f0071123b6
9,b9235a43d5e33667755c1b18579947d4,fcdeb345d683cfff2a87edd8998c3e49
9,b9235a43d5e33667755c1b18579947d4,f6aa2fd3a9236b5776d92c0812279077
9,b9235a43d5e33667755c1b18579947d4,3974cfdd6b5f4f62e48a1531b2f7b2d5
9,f6aa2fd3a9236b5776d92c0812279077,c46dee1177224807b23d51e5dff9909b
9,f6aa2fd3a9236b5776d92c0812279077,93fa77e338479cf34e6f22f0071123b6
9,f6aa2fd3a9236b5776d92c0812279077,fcdeb345d683cfff2a87edd8998c3e49
9,f6aa2fd3a9236b5776d92c0812279077,b9235a43d5e33667755c1b18579947d4
9,f6aa2fd3a9236b5776d92c0812279077,3974cfdd6b5f4f62e48a1531b2f7b2d5
9,7fa1ea7956d1a9951608bbf8ed50084f,869bf52dd79f4d10d0019bea95449072
9,7fa1ea7956d1a9951608bbf8ed50084f,b5da67558a37d06a4ccdf20e28d5e3a3
9,7fa1ea7956d1a9951608bbf8ed50084f,9c1a42e0af4953c6dce2ce4256ad2e60
9,7fa1ea7956d1a9951608bbf8ed50084f,2d33f66dc5a7e992181179755d358086
9,7fa1ea7956d1a9951608bbf8ed50084f,e128f98163eec0e1d514ce51af2d9c7f
9,7fa1ea7956d1a9951608bbf8ed50084f,2766af97780e2b52a83faaa15f001b4c
9,7fa1ea7956d1a9951608bbf8ed50084f,7c3d9785526469b3df9706702490c769
9,869bf52dd79f4d10d0019bea95449072,7fa1ea7956d1a9951608bbf8ed50084f
9,869bf52dd79f4d10d0019bea95449072,b5da67558a37d06a4ccdf20e28d5e3a3
9,869bf52dd79f4d10d0019bea95449072,9c1a42e0af4953c6dce2ce4256ad2e60
9,869bf52dd79f4d10d0019bea95449072,2d33f66dc5a7e992181179755d358086
9,869bf52dd79f4d10d0019bea95449072,e128f98163eec0e1d514ce51af2d9c7f
9,869bf52dd79f4d10d0019bea95449072,2766af97780e2b52a83faaa15f001b4c
9,b5da67558a37d06a4ccdf20e28d5e3a3,7fa1ea7956d1a9951608bbf8ed50084f
9,b5da67558a37d06a4ccdf20e28d5e3a3,869bf52dd79f4d10d0019bea95449072
9,b5da67558a37d06a4ccdf20e28d5e3a3,9c1a42e0af4953c6dce2ce4256ad2e60
9,b5da67558a37d06a4ccdf20e28d5e3a3,2d33f66dc5a7e992181179755d358086
9,b5da67558a37d06a4ccdf20e28d5e3a3,e128f98163eec0e1d514ce51af2d9c7f
9,b5da67558a37d06a4ccdf20e28d5e3a3,2766af97780e2b52a83faaa15f001b4c
9,9c1a42e0af4953c6dce2ce4256ad2e60,7fa1ea7956d1a9951608bbf8ed50084f
9,9c1a42e0af4953c6dce2ce4256ad2e60,869bf52dd79f4d10d0019bea95449072
9,9c1a42e0af4953c6dce2ce4256ad2e60,b5da67558a37d06a4ccdf20e28d5e3a3
9,9c1a42e0af4953c6dce2ce4256ad2e60,2d33f66dc5a7e992181179755d358086
9,9c1a42e0af4953c6dce2ce4256ad2e60,e128f98163eec0e1d514ce51af2d9c7f
9,9c1a42e0af4953c6dce2ce4256ad2e60,2766af97780e2b52a83faaa15f001b4c
9,3ec8dcaf2d70febfd3a7de7734d6dadb,963357cdbd4adc8238291fbbce6d9a4a
9,3ec8dcaf2d70febfd3a7de7734d6dadb,176ae47ee247740d9223e8b17a4e025e
9,3ec8dcaf2d70febfd3a7de7734d6dadb,980a1592e2225147870151c966832879
9,3ec8dcaf2d70febfd3a7de7734d6dadb,2eb766c29e680f1cd01e439f02f0e4e4
9,963357cdbd4adc8238291fbbce6d9a4a,3ec8dcaf2d70febfd3a7de7734d6dadb
9,963357cdbd4adc8238291fbbce6d9a4a,176ae47ee247740d9223e8b17a4e025e
9,963357cdbd4adc8238291fbbce6d9a4a,980a1592e2225147870151c966832879
9,963357cdbd4adc8238291fbbce6d9a4a,2eb766c29e680f1cd01e439f02f0e4e4
9,9cd92e357af189962ff5e9b8b9d62611,e73b9fd95ac94b84d9a6d6bb9c3ae9cb
9,9cd92e357af189962ff5e9b8b9d62611,f76f84a6fdbc48b0f31d084b3df7b8af
9,9cd92e357af189962ff5e9b8b9d62611,367f985d9e5c83b8858d77f70f2a17cd
9,9cd92e357af189962ff5e9b8b9d62611,0e365bef515dd1e1e43eab7ab6bb446b
9,2766af97780e2b52a83faaa15f001b4c,7fa1ea7956d1a9951608bbf8ed50084f
9,2766af97780e2b52a83faaa15f001b4c,869bf52dd79f4d10d0019bea95449072
9,2766af97780e2b52a83faaa15f001b4c,b5da67558a37d06a4ccdf20e28d5e3a3
9,2766af97780e2b52a83faaa15f001b4c,9c1a42e0af4953c6dce2ce4256ad2e60
9,2766af97780e2b52a83faaa15f001b4c,2d33f66dc5a7e992181179755d358086
9,2766af97780e2b52a83faaa15f001b4c,e128f98163eec0e1d514ce51af2d9c7f
9,2eb766c29e680f1cd01e439f02f0e4e4,963357cdbd4adc8238291fbbce6d9a4a
9,2eb766c29e680f1cd01e439f02f0e4e4,3ec8dcaf2d70febfd3a7de7734d6dadb
9,2eb766c29e680f1cd01e439f02f0e4e4,176ae47ee247740d9223e8b17a4e025e
9,2eb766c29e680f1cd01e439f02f0e4e4,980a1592e2225147870151c966832879
9,816378a660163670c2dda71088202e78,099c4cc0e821e9add50b917e9046430a
9,816378a660163670c2dda71088202e78,1d5add8972eee28ae8a55041a75c398a
9,883159386813512267be4c99a4e9da7b,22b97bc136f013c40528b190ce312d61
9,883159386813512267be4c99a4e9da7b,e10eaafb6a58390b510a20310a9c0472
9,883159386813512267be4c99a4e9da7b,b6d28a5e9b6c5aa7b0e1165b965d2284
9,883159386813512267be4c99a4e9da7b,2e398885ce506c516df8847c6b3edfe4
9,4fe49dfcdd6d636e28009b946cd22363,064ceb1e53169236c06e4b3cdf1e09f7
9,4fe49dfcdd6d636e28009b946cd22363,8e916ba6957019aac7b7555ba671e525
9,8e916ba6957019aac7b7555ba671e525,064ceb1e53169236c06e4b3cdf1e09f7
9,8e916ba6957019aac7b7555ba671e525,4fe49dfcdd6d636e28009b946cd22363
9,064ceb1e53169236c06e4b3cdf1e09f7,4fe49dfcdd6d636e28009b946cd22363
9,064ceb1e53169236c06e4b3cdf1e09f7,8e916ba6957019aac7b7555ba671e525
9,22b97bc136f013c40528b190ce312d61,883159386813512267be4c99a4e9da7b
9,22b97bc136f013c40528b190ce312d61,e10eaafb6a58390b510a20310a9c0472
9,22b97bc136f013c40528b190ce312d61,b6d28a5e9b6c5aa7b0e1165b965d2284
9,22b97bc136f013c40528b190ce312d61,2e398885ce506c516df8847c6b3edfe4
9,e10eaafb6a58390b510a20310a9c0472,883159386813512267be4c99a4e9da7b
9,e10eaafb6a58390b510a20310a9c0472,22b97bc136f013c40528b190ce312d61
9,e10eaafb6a58390b510a20310a9c0472,b6d28a5e9b6c5aa7b0e1165b965d2284
9,e10eaafb6a58390b510a20310a9c0472,2e398885ce506c516df8847c6b3edfe4
9,b6d28a5e9b6c5aa7b0e1165b965d2284,883159386813512267be4c99a4e9da7b
9,b6d28a5e9b6c5aa7b0e1165b965d2284,22b97bc136f013c40528b190ce312d61
9,b6d28a5e9b6c5aa7b0e1165b965d2284,e10eaafb6a58390b510a20310a9c0472
9,b6d28a5e9b6c5aa7b0e1165b965d2284,2e398885ce506c516df8847c6b3edfe4
9,2e398885ce506c516df8847c6b3edfe4,883159386813512267be4c99a4e9da7b
9,2e398885ce506c516df8847c6b3edfe4,22b97bc136f013c40528b190ce312d61
9,2e398885ce506c516df8847c6b3edfe4,e10eaafb6a58390b510a20310a9c0472
9,2e398885ce506c516df8847c6b3edfe4,b6d28a5e9b6c5aa7b0e1165b965d2284
9,3d981afde58becb92083e801a77b5225,3c5f46502dc23eb9a71a97c8738799c3
9,3d981afde58becb92083e801a77b5225,f138b46b7ab552aeec135b72a7b13718
9,299a357458580d7c3ffab30e5cee79e6,cd50e88c8e109d5a601bef31b16f8787
9,299a357458580d7c3ffab30e5cee79e6,b302c51e3bd55990f442f145557884d8
9,cd50e88c8e109d5a601bef31b16f8787,299a357458580d7c3ffab30e5cee79e6
9,cd50e88c8e109d5a601bef31b16f8787,cd50e88c8e109d5a601bef31b16f8787
9,b302c51e3bd55990f442f145557884d8,299a357458580d7c3ffab30e5cee79e6
9,b302c51e3bd55990f442f145557884d8,cd50e88c8e109d5a601bef31b16f8787
9,3c5f46502dc23eb9a71a97c8738799c3,3d981afde58becb92083e801a77b5225
9,3c5f46502dc23eb9a71a97c8738799c3,f138b46b7ab552aeec135b72a7b13718
9,f138b46b7ab552aeec135b72a7b13718,3d981afde58becb92083e801a77b5225
9,f138b46b7ab552aeec135b72a7b13718,3c5f46502dc23eb9a71a97c8738799c3
9,b8135e0ff2592922ec3789cf657416d1,c0e22efacae086b6bf456123e318ff3c
9,b8135e0ff2592922ec3789cf657416d1,6263efb85d409885395c039cfd77d2b1
9,b8135e0ff2592922ec3789cf657416d1,8ba381d75f08346a5a11738c7aa679fd
9,b8135e0ff2592922ec3789cf657416d1,86274064e3af9d47170bc0582aaa06a9
9,b8135e0ff2592922ec3789cf657416d1,a32591a81b47a1753a9806f4c09108d6
9,c0e22efacae086b6bf456123e318ff3c,b8135e0ff2592922ec3789cf657416d1
9,c0e22efacae086b6bf456123e318ff3c,6263efb85d409885395c039cfd77d2b1
9,c0e22efacae086b6bf456123e318ff3c,8ba381d75f08346a5a11738c7aa679fd
9,c0e22efacae086b6bf456123e318ff3c,86274064e3af9d47170bc0582aaa06a9
9,c0e22efacae086b6bf456123e318ff3c,a32591a81b47a1753a9806f4c09108d6
9,6263efb85d409885395c039cfd77d2b1,b8135e0ff2592922ec3789cf657416d1
9,6263efb85d409885395c039cfd77d2b1,c0e22efacae086b6bf456123e318ff3c
9,6263efb85d409885395c039cfd77d2b1,8ba381d75f08346a5a11738c7aa679fd
9,6263efb85d409885395c039cfd77d2b1,86274064e3af9d47170bc0582aaa06a9
9,6263efb85d409885395c039cfd77d2b1,a32591a81b47a1753a9806f4c09108d6
9,8ba381d75f08346a5a11738c7aa679fd,b8135e0ff2592922ec3789cf657416d1
9,8ba381d75f08346a5a11738c7aa679fd,c0e22efacae086b6bf456123e318ff3c
9,8ba381d75f08346a5a11738c7aa679fd,6263efb85d409885395c039cfd77d2b1
9,8ba381d75f08346a5a11738c7aa679fd,86274064e3af9d47170bc0582aaa06a9
9,8ba381d75f08346a5a11738c7aa679fd,a32591a81b47a1753a9806f4c09108d6
9,86274064e3af9d47170bc0582aaa06a9,b8135e0ff2592922ec3789cf657416d1
9,86274064e3af9d47170bc0582aaa06a9,c0e22efacae086b6bf456123e318ff3c
9,86274064e3af9d47170bc0582aaa06a9,6263efb85d409885395c039cfd77d2b1
9,86274064e3af9d47170bc0582aaa06a9,8ba381d75f08346a5a11738c7aa679fd
9,86274064e3af9d47170bc0582aaa06a9,a32591a81b47a1753a9806f4c09108d6
9,a32591a81b47a1753a9806f4c09108d6,b8135e0ff2592922ec3789cf657416d1
9,a32591a81b47a1753a9806f4c09108d6,c0e22efacae086b6bf456123e318ff3c
9,a32591a81b47a1753a9806f4c09108d6,6263efb85d409885395c039cfd77d2b1
9,a32591a81b47a1753a9806f4c09108d6,8ba381d75f08346a5a11738c7aa679fd
9,a32591a81b47a1753a9806f4c09108d6,86274064e3af9d47170bc0582aaa06a9
9,ee044cb9ebda48077a573667e521a141,a266cdc62b306a0ce020a505f0ab7e7b
9,ee044cb9ebda48077a573667e521a141,7a7590a8a1c2931d897c584311d1d6f4
9,a266cdc62b306a0ce020a505f0ab7e7b,ee044cb9ebda48077a573667e521a141
9,a266cdc62b306a0ce020a505f0ab7e7b,7a7590a8a1c2931d897c584311d1d6f4
9,7a7590a8a1c2931d897c584311d1d6f4,ee044cb9ebda48077a573667e521a141
9,7a7590a8a1c2931d897c584311d1d6f4,a266cdc62b306a0ce020a505f0ab7e7b
9,79b55365778380b6af23e34cc0d564dd,00bad69b0a1ee4df7a940de05dfaa9ec
9,79b55365778380b6af23e34cc0d564dd,f8b96502013bb7b239a1890627b094ab
9,79b55365778380b6af23e34cc0d564dd,4f9f556956d9b3ca770611a4c3b736f9
9,af93b224051fff461f0a71724c47a5a6,86940ad74916e0aecc901a4be1c83cbd
9,af93b224051fff461f0a71724c47a5a6,f3273507959a123572cf372da83fdeb6
9,af93b224051fff461f0a71724c47a5a6,305ceacfee27b3bd02ff4e81045a5606
9,af93b224051fff461f0a71724c47a5a6,9217d6a290c01a29995009a1a73b501a
9,af93b224051fff461f0a71724c47a5a6,4935772a93863e419fff445fd41c0abe
9,cf0a56a8124b11a52dae122ae1c605cd,9ab8ed6e79680767b21e2beb1630c208
9,cf0a56a8124b11a52dae122ae1c605cd,924e53a357ab16aa4ffe35749f6e8f8e
9,cf0a56a8124b11a52dae122ae1c605cd,b4143db7b157df838b4c8718edcaef6e
9,f76f84a6fdbc48b0f31d084b3df7b8af,e73b9fd95ac94b84d9a6d6bb9c3ae9cb
9,f76f84a6fdbc48b0f31d084b3df7b8af,9cd92e357af189962ff5e9b8b9d62611
9,f76f84a6fdbc48b0f31d084b3df7b8af,367f985d9e5c83b8858d77f70f2a17cd
9,f76f84a6fdbc48b0f31d084b3df7b8af,0e365bef515dd1e1e43eab7ab6bb446b
9,2d33f66dc5a7e992181179755d358086,7fa1ea7956d1a9951608bbf8ed50084f
9,2d33f66dc5a7e992181179755d358086,869bf52dd79f4d10d0019bea95449072
9,2d33f66dc5a7e992181179755d358086,b5da67558a37d06a4ccdf20e28d5e3a3
9,2d33f66dc5a7e992181179755d358086,9c1a42e0af4953c6dce2ce4256ad2e60
9,2d33f66dc5a7e992181179755d358086,e128f98163eec0e1d514ce51af2d9c7f
9,2d33f66dc5a7e992181179755d358086,2766af97780e2b52a83faaa15f001b4c
9,86940ad74916e0aecc901a4be1c83cbd,f3273507959a123572cf372da83fdeb6
9,86940ad74916e0aecc901a4be1c83cbd,305ceacfee27b3bd02ff4e81045a5606
9,86940ad74916e0aecc901a4be1c83cbd,9217d6a290c01a29995009a1a73b501a
9,86940ad74916e0aecc901a4be1c83cbd,4935772a93863e419fff445fd41c0abe
9,86940ad74916e0aecc901a4be1c83cbd,af93b224051fff461f0a71724c47a5a6
9,1ebe8462580382f973ee48909038c796,01
9,1ebe8462580382f973ee48909038c796,26
9,3974cfdd6b5f4f62e48a1531b2f7b2d5,c46dee1177224807b23d51e5dff9909b
9,3974cfdd6b5f4f62e48a1531b2f7b2d5,b9235a43d5e33667755c1b18579947d4
9,3974cfdd6b5f4f62e48a1531b2f7b2d5,f6aa2fd3a9236b5776d92c0812279077
9,3974cfdd6b5f4f62e48a1531b2f7b2d5,93fa77e338479cf34e6f22f0071123b6
9,3974cfdd6b5f4f62e48a1531b2f7b2d5,fcdeb345d683cfff2a87edd8998c3e49
9,fcdeb345d683cfff2a87edd8998c3e49,c46dee1177224807b23d51e5dff9909b
9,fcdeb345d683cfff2a87edd8998c3e49,b9235a43d5e33667755c1b18579947d4
9,fcdeb345d683cfff2a87edd8998c3e49,f6aa2fd3a9236b5776d92c0812279077
9,fcdeb345d683cfff2a87edd8998c3e49,93fa77e338479cf34e6f22f0071123b6
9,fcdeb345d683cfff2a87edd8998c3e49,3974cfdd6b5f4f62e48a1531b2f7b2d5
9,980a1592e2225147870151c966832879, 2eb766c29e680f1cd01e439f02f0e4e4
9,980a1592e2225147870151c966832879,963357cdbd4adc8238291fbbce6d9a4a
9,980a1592e2225147870151c966832879,3ec8dcaf2d70febfd3a7de7734d6dadb
9,980a1592e2225147870151c966832879,176ae47ee247740d9223e8b17a4e025e
9,b4143db7b157df838b4c8718edcaef6e,9ab8ed6e79680767b21e2beb1630c208
9,b4143db7b157df838b4c8718edcaef6e,924e53a357ab16aa4ffe35749f6e8f8e
9,b4143db7b157df838b4c8718edcaef6e,cf0a56a8124b11a52dae122ae1c605cd
9,176ae47ee247740d9223e8b17a4e025e,2eb766c29e680f1cd01e439f02f0e4e4
9,176ae47ee247740d9223e8b17a4e025e,963357cdbd4adc8238291fbbce6d9a4a
9,176ae47ee247740d9223e8b17a4e025e,3ec8dcaf2d70febfd3a7de7734d6dadb
9,176ae47ee247740d9223e8b17a4e025e,980a1592e2225147870151c966832879
9,0e365bef515dd1e1e43eab7ab6bb446b,e73b9fd95ac94b84d9a6d6bb9c3ae9cb
9,0e365bef515dd1e1e43eab7ab6bb446b,9cd92e357af189962ff5e9b8b9d62611
9,0e365bef515dd1e1e43eab7ab6bb446b,f76f84a6fdbc48b0f31d084b3df7b8af
9,0e365bef515dd1e1e43eab7ab6bb446b,367f985d9e5c83b8858d77f70f2a17cd
9,1d5add8972eee28ae8a55041a75c398a,816378a660163670c2dda71088202e78
9,1d5add8972eee28ae8a55041a75c398a,099c4cc0e821e9add50b917e9046430a
9,628d968d1b05572c21eb6b133c0275c1,0f029bc74fcfb0404718e00e07897103
9,628d968d1b05572c21eb6b133c0275c1,3e438d96e174e5964ff080e6e41199f3
9,628d968d1b05572c21eb6b133c0275c1,ebbbeb66c103b573856b9313c68ba20b
9,628d968d1b05572c21eb6b133c0275c1,1976851c356c75d8891225c74047e85d
9,ebbbeb66c103b573856b9313c68ba20b,628d968d1b05572c21eb6b133c0275c1
9,ebbbeb66c103b573856b9313c68ba20b,1976851c356c75d8891225c74047e85d
9,ebbbeb66c103b573856b9313c68ba20b,0f029bc74fcfb0404718e00e07897103
9,ebbbeb66c103b573856b9313c68ba20b,3e438d96e174e5964ff080e6e41199f3
9,d44204beffa4b5a213e2ce995bcb211a,00b274b575402cef08c29c9740d9bd63
9,d44204beffa4b5a213e2ce995bcb211a,b2b32125660f56c56a70773da1ee1656
9,d44204beffa4b5a213e2ce995bcb211a,de6aba2e78044c096eb276422c4f2038
9,d44204beffa4b5a213e2ce995bcb211a,987ce250462165b7efe7ed7856812ce4
9,b2b32125660f56c56a70773da1ee1656,d44204beffa4b5a213e2ce995bcb211a
9,b2b32125660f56c56a70773da1ee1656,00b274b575402cef08c29c9740d9bd63
9,b2b32125660f56c56a70773da1ee1656,de6aba2e78044c096eb276422c4f2038
9,b2b32125660f56c56a70773da1ee1656,987ce250462165b7efe7ed7856812ce4
9,00b274b575402cef08c29c9740d9bd63,d44204beffa4b5a213e2ce995bcb211a
9,00b274b575402cef08c29c9740d9bd63,b2b32125660f56c56a70773da1ee1656
9,00b274b575402cef08c29c9740d9bd63,de6aba2e78044c096eb276422c4f2038
9,00b274b575402cef08c29c9740d9bd63,987ce250462165b7efe7ed7856812ce4
9,987ce250462165b7efe7ed7856812ce4,d44204beffa4b5a213e2ce995bcb211a
9,987ce250462165b7efe7ed7856812ce4,00b274b575402cef08c29c9740d9bd63
9,987ce250462165b7efe7ed7856812ce4,b2b32125660f56c56a70773da1ee1656
9,987ce250462165b7efe7ed7856812ce4,de6aba2e78044c096eb276422c4f2038
9,4f1f8b2744eeccc6f747ab0eb2a9470f,e8d27043bd25c6c1272abf1d625cbc69
9,4f1f8b2744eeccc6f747ab0eb2a9470f,b88e6d43dd455f187a8887ed644f5478
9,e8d27043bd25c6c1272abf1d625cbc69,4f1f8b2744eeccc6f747ab0eb2a9470f
9,e8d27043bd25c6c1272abf1d625cbc69,b88e6d43dd455f187a8887ed644f5478
9,e8d27043bd25c6c1272abf1d625cbc69,a8437d66f7fa0b460f0913ad158e187c
9,b88e6d43dd455f187a8887ed644f5478,4f1f8b2744eeccc6f747ab0eb2a9470f
9,b88e6d43dd455f187a8887ed644f5478,e8d27043bd25c6c1272abf1d625cbc69
9,b88e6d43dd455f187a8887ed644f5478,a8437d66f7fa0b460f0913ad158e187c
9,a8437d66f7fa0b460f0913ad158e187c,e8d27043bd25c6c1272abf1d625cbc69
9,a8437d66f7fa0b460f0913ad158e187c,b88e6d43dd455f187a8887ed644f5478
9,a8437d66f7fa0b460f0913ad158e187c,4f1f8b2744eeccc6f747ab0eb2a9470f
9,24fe22192108f0d62385cb9a1b3bb0b8,cfe0b6fd7a697e16eb347a36c6f5289f
9,24fe22192108f0d62385cb9a1b3bb0b8,d7ecf80eeb05997a3ef17421529c5451
9,d7ecf80eeb05997a3ef17421529c5451,cfe0b6fd7a697e16eb347a36c6f5289f
9,d7ecf80eeb05997a3ef17421529c5451,24fe22192108f0d62385cb9a1b3bb0b8
9,cfe0b6fd7a697e16eb347a36c6f5289f,d7ecf80eeb05997a3ef17421529c5451
9,cfe0b6fd7a697e16eb347a36c6f5289f,24fe22192108f0d62385cb9a1b3bb0b8
9,9ab8ed6e79680767b21e2beb1630c208,924e53a357ab16aa4ffe35749f6e8f8e
9,9ab8ed6e79680767b21e2beb1630c208,b4143db7b157df838b4c8718edcaef6e
9,9ab8ed6e79680767b21e2beb1630c208,cf0a56a8124b11a52dae122ae1c605cd
9,e128f98163eec0e1d514ce51af2d9c7f,7fa1ea7956d1a9951608bbf8ed50084f
9,e128f98163eec0e1d514ce51af2d9c7f,869bf52dd79f4d10d0019bea95449072
9,e128f98163eec0e1d514ce51af2d9c7f,b5da67558a37d06a4ccdf20e28d5e3a3
9,e128f98163eec0e1d514ce51af2d9c7f,9c1a42e0af4953c6dce2ce4256ad2e60
9,e128f98163eec0e1d514ce51af2d9c7f,2d33f66dc5a7e992181179755d358086
9,e128f98163eec0e1d514ce51af2d9c7f,2766af97780e2b52a83faaa15f001b4c
9,099c4cc0e821e9add50b917e9046430a,816378a660163670c2dda71088202e78
9,099c4cc0e821e9add50b917e9046430a,1d5add8972eee28ae8a55041a75c398a
9,4935772a93863e419fff445fd41c0abe,86940ad74916e0aecc901a4be1c83cbd
9,4935772a93863e419fff445fd41c0abe,f3273507959a123572cf372da83fdeb6
9,4935772a93863e419fff445fd41c0abe,305ceacfee27b3bd02ff4e81045a5606
9,4935772a93863e419fff445fd41c0abe,9217d6a290c01a29995009a1a73b501a
9,4935772a93863e419fff445fd41c0abe,af93b224051fff461f0a71724c47a5a6
9,367f985d9e5c83b8858d77f70f2a17cd,0e365bef515dd1e1e43eab7ab6bb446b
9,367f985d9e5c83b8858d77f70f2a17cd,e73b9fd95ac94b84d9a6d6bb9c3ae9cb
9,367f985d9e5c83b8858d77f70f2a17cd,9cd92e357af189962ff5e9b8b9d62611
9,367f985d9e5c83b8858d77f70f2a17cd,f76f84a6fdbc48b0f31d084b3df7b8af
9,0f029bc74fcfb0404718e00e07897103,3e438d96e174e5964ff080e6e41199f3
9,0f029bc74fcfb0404718e00e07897103,1976851c356c75d8891225c74047e85d
9,0f029bc74fcfb0404718e00e07897103,628d968d1b05572c21eb6b133c0275c1
9,0f029bc74fcfb0404718e00e07897103,ebbbeb66c103b573856b9313c68ba20b
9,3e438d96e174e5964ff080e6e41199f3,1976851c356c75d8891225c74047e85d
9,3e438d96e174e5964ff080e6e41199f3,628d968d1b05572c21eb6b133c0275c1
9,3e438d96e174e5964ff080e6e41199f3,ebbbeb66c103b573856b9313c68ba20b
9,3e438d96e174e5964ff080e6e41199f3,0f029bc74fcfb0404718e00e07897103
10,99912fa24fa29adea278a695056871e8,30c9673966401f980eb4325d3a6ce2ae
10,99912fa24fa29adea278a695056871e8,66ac0508a58eaaef32f917db4545e48d
10,a0cb030dc4409d7b8d1657befb8cd065,66ac0508a58eaaef32f917db4545e48d
10,a0cb030dc4409d7b8d1657befb8cd065,7353b09026a4e29dfb3b1c516787a66c
11,f3c7d2781a95cb7bbfd852fdb9b1f92c,3222d234bdb3bccf8716e8b284502d10
11,f3c7d2781a95cb7bbfd852fdb9b1f92c,9e14b37ddd470fdeb0d77fd17ececea8
11,70a01be9f519b34e908b50be1acdd54f,1108a07dac171212aa222fdee61ebf91
11,70a01be9f519b34e908b50be1acdd54f,2280ca4eabfa5e140bb312b7437cc0b9
11,c5888bc3b3c3a5530352ca4788225fc5,141d24c02c9eb7a9703000e51fef5e45
11,c5888bc3b3c3a5530352ca4788225fc5,4b2fc04b5a419dfbe71f039920d0ef79
11,6a7df61bb2e01641b1522b4d6a182ddb,efc282e8279fc3da76327bb97240752c
11,6a7df61bb2e01641b1522b4d6a182ddb,f2b76fbee1a68623240584a3cc27647b
11,9723821bfc29b7808b874bb3e580dc8b,f454d9cfa91992bbee57903d2008ebd7
11,9723821bfc29b7808b874bb3e580dc8b,970497170b5fc2e2675c2ecd98f9df04
11,4b4b53fc860f35e94d6c4ca70d873c2d,8fa1a625aceb6787e5e900697877e618
11,4b4b53fc860f35e94d6c4ca70d873c2d,d00c37fc7e6c837824834a72fd2fe8d7
11,1e89711aae77f17cb268520023b185aa,0998c20ea6a4e9092afa59e123ac5457
11,1e89711aae77f17cb268520023b185aa,e5cdc0d3a1e41e1ac3c3c340af387088
11,e5cdc0d3a1e41e1ac3c3c340af387088,38bcd1b042c90c0cd39d497dd74890f2
11,e5cdc0d3a1e41e1ac3c3c340af387088,0998c20ea6a4e9092afa59e123ac5457
11,38bcd1b042c90c0cd39d497dd74890f2,e5cdc0d3a1e41e1ac3c3c340af387088
11,38bcd1b042c90c0cd39d497dd74890f2,0998c20ea6a4e9092afa59e123ac5457
11,0998c20ea6a4e9092afa59e123ac5457,e5cdc0d3a1e41e1ac3c3c340af387088
11,0998c20ea6a4e9092afa59e123ac5457,38bcd1b042c90c0cd39d497dd74890f2
11,211091080ff52af67e6fd9aa134fb6bd,e5cdc0d3a1e41e1ac3c3c340af387088
11,211091080ff52af67e6fd9aa134fb6bd,38bcd1b042c90c0cd39d497dd74890f2
11,211091080ff52af67e6fd9aa134fb6bd,0998c20ea6a4e9092afa59e123ac5457
11,8e4ddfe5c54c06a40513c2db6ae94be0,d34b086c4a7375d99b4ca8466beb8b7b
11,8e4ddfe5c54c06a40513c2db6ae94be0,d12f77bd21d7286bb752cdbf04a979ca
11,d12f77bd21d7286bb752cdbf04a979ca,8e4ddfe5c54c06a40513c2db6ae94be0
11,d12f77bd21d7286bb752cdbf04a979ca,d34b086c4a7375d99b4ca8466beb8b7b
11,efc282e8279fc3da76327bb97240752c,a304f71b8b43674e33284a779f0a6e1b
11,efc282e8279fc3da76327bb97240752c,578aa99adb1f228662de01da265f3fe7
11,176700183c719feb260dbf54c514951a,59e35ac349ddcf75c14344e394d5f7af
11,176700183c719feb260dbf54c514951a,44a7c3cbe360a3e9f610c83cad76a792
11,44a7c3cbe360a3e9f610c83cad76a792,59e35ac349ddcf75c14344e394d5f7af
11,44a7c3cbe360a3e9f610c83cad76a792,176700183c719feb260dbf54c514951a
11,59e35ac349ddcf75c14344e394d5f7af,44a7c3cbe360a3e9f610c83cad76a792
11,59e35ac349ddcf75c14344e394d5f7af,176700183c719feb260dbf54c514951a
11,36226b50deeb2dd355f6a6ef93f4e776,1a2bbe4378a01ac45151f36a014def38
11,36226b50deeb2dd355f6a6ef93f4e776,c93cc025ef4fc845aa466ed40aaee286
11,c93cc025ef4fc845aa466ed40aaee286,1a2bbe4378a01ac45151f36a014def38
11,c93cc025ef4fc845aa466ed40aaee286,36226b50deeb2dd355f6a6ef93f4e776
11,1a2bbe4378a01ac45151f36a014def38,c93cc025ef4fc845aa466ed40aaee286
11,1a2bbe4378a01ac45151f36a014def38,36226b50deeb2dd355f6a6ef93f4e776
11,6c7f0af78b12d21be09d9e930864ae82,be26281415ec9a963e6512452302b53c
11,6c7f0af78b12d21be09d9e930864ae82,2b77e538902bc87d7310e0e308f72fdf
11,2b77e538902bc87d7310e0e308f72fdf,be26281415ec9a963e6512452302b53c
11,2b77e538902bc87d7310e0e308f72fdf,6c7f0af78b12d21be09d9e930864ae82
11,be26281415ec9a963e6512452302b53c,2b77e538902bc87d7310e0e308f72fdf
11,be26281415ec9a963e6512452302b53c,6c7f0af78b12d21be09d9e930864ae82
15,a4498b5ee7c464cee6bde51162949957,0cdcaebed2aa6d50d09d8f8db2a0a4af
15,a4498b5ee7c464cee6bde51162949957,27162b7b407ff84f05f0a92e31696ab0
15,6f303893cd8bb5517faed13bd28bcc19,7f0c00ffb35cc0bab4ff7924da77b860
15,6f303893cd8bb5517faed13bd28bcc19,5826e3106067d23e08cc7dba67a490c3
15,60c4625500b04702418eeae503e2dd0b,5cd1967e180ec331657823a66468ec37
15,60c4625500b04702418eeae503e2dd0b,65a652304c4050a6dd67977f6dc081bd
15,5a86494e4a049be3235e9ef99b972f54,125aeffde895a77528bfc06987477c16
15,5a86494e4a049be3235e9ef99b972f54,83521cc68da021d22db5ff7b6e12c1ef
15,b3c1ef957e3b0be928be1b8d50024049,6c6b2ca32c9af66cd1dae39387959b18
15,b3c1ef957e3b0be928be1b8d50024049,dd2e7a37efa612ff3be528d5b4c05621
15,b3c1ef957e3b0be928be1b8d50024049,852782361c0833030342dc6da7954a1e
15,6c6b2ca32c9af66cd1dae39387959b18,b3c1ef957e3b0be928be1b8d50024049
15,6c6b2ca32c9af66cd1dae39387959b18,dd2e7a37efa612ff3be528d5b4c05621
15,6c6b2ca32c9af66cd1dae39387959b18,852782361c0833030342dc6da7954a1e
15,dd2e7a37efa612ff3be528d5b4c05621,b3c1ef957e3b0be928be1b8d50024049
15,dd2e7a37efa612ff3be528d5b4c05621,6c6b2ca32c9af66cd1dae39387959b18
15,dd2e7a37efa612ff3be528d5b4c05621,852782361c0833030342dc6da7954a1e
15,852782361c0833030342dc6da7954a1e,b3c1ef957e3b0be928be1b8d50024049
15,852782361c0833030342dc6da7954a1e,6c6b2ca32c9af66cd1dae39387959b18
15,852782361c0833030342dc6da7954a1e,dd2e7a37efa612ff3be528d5b4c05621
15,123d3f74c9ca5147f5804b5707dba8fa,95684c9ff76a7e1c99a9312cd40ee339
15,123d3f74c9ca5147f5804b5707dba8fa,968cc4417bc92ee5c38f1b524030bd10
15,df5dd8f78eea969cdccd09b3db5fbe73,84c16981a4e1a79a4ad92618422095b1
15,df5dd8f78eea969cdccd09b3db5fbe73,8ae37625d843e8a1e28477285b24abd9
15,84c16981a4e1a79a4ad92618422095b1,df5dd8f78eea969cdccd09b3db5fbe73
15,84c16981a4e1a79a4ad92618422095b1,8ae37625d843e8a1e28477285b24abd9
15,12772ee1a719a8360549b42470d0ab25,631888eea56abeba9a1c9cb252b4ecc8
15,12772ee1a719a8360549b42470d0ab25,7e399e110b446455640c3081b727f67e
15,bddcf50447490f62985ad7eedd8099d7,e9c13a5d083adc7ffd01e67bdca09add
15,bddcf50447490f62985ad7eedd8099d7,e9c13a5d083adc7ffd01e67bdca09add
18,19b21a4fcc510315d1cb855653b75365,35dbbe3cf8dcec73cf27b48894ef7b42
18,19b21a4fcc510315d1cb855653b75365,e3bd5a05f2f9b8da1d6a96adc8f22815
18,19b21a4fcc510315d1cb855653b75365,df16b030f3b907881013e91e61d8ff8d
18,19b21a4fcc510315d1cb855653b75365,ac8c4463330ed87654a14bc9ee052b02
18,19b21a4fcc510315d1cb855653b75365,08bb369bb7ae717c8265223dd86b91dc
18,19b21a4fcc510315d1cb855653b75365,2db4359b757a1e480af39b887ed25ba0
18,2db4359b757a1e480af39b887ed25ba0,19b21a4fcc510315d1cb855653b75365
18,2db4359b757a1e480af39b887ed25ba0,e3bd5a05f2f9b8da1d6a96adc8f22815
18,2db4359b757a1e480af39b887ed25ba0,df16b030f3b907881013e91e61d8ff8d
18,2db4359b757a1e480af39b887ed25ba0,ac8c4463330ed87654a14bc9ee052b02
18,2db4359b757a1e480af39b887ed25ba0,08bb369bb7ae717c8265223dd86b91dc
18,2db4359b757a1e480af39b887ed25ba0,35dbbe3cf8dcec73cf27b48894ef7b42
18,35dbbe3cf8dcec73cf27b48894ef7b42,19b21a4fcc510315d1cb855653b75365
18,35dbbe3cf8dcec73cf27b48894ef7b42,e3bd5a05f2f9b8da1d6a96adc8f22815
18,35dbbe3cf8dcec73cf27b48894ef7b42,df16b030f3b907881013e91e61d8ff8d
18,35dbbe3cf8dcec73cf27b48894ef7b42,ac8c4463330ed87654a14bc9ee052b02
18,35dbbe3cf8dcec73cf27b48894ef7b42,08bb369bb7ae717c8265223dd86b91dc
18,35dbbe3cf8dcec73cf27b48894ef7b42,2db4359b757a1e480af39b887ed25ba0
18,ac8c4463330ed87654a14bc9ee052b02,19b21a4fcc510315d1cb855653b75365
18,ac8c4463330ed87654a14bc9ee052b02,e3bd5a05f2f9b8da1d6a96adc8f22815
18,ac8c4463330ed87654a14bc9ee052b02,df16b030f3b907881013e91e61d8ff8d
18,ac8c4463330ed87654a14bc9ee052b02,35dbbe3cf8dcec73cf27b48894ef7b42
18,ac8c4463330ed87654a14bc9ee052b02,08bb369bb7ae717c8265223dd86b91dc
18,ac8c4463330ed87654a14bc9ee052b02,2db4359b757a1e480af39b887ed25ba0
18,e3bd5a05f2f9b8da1d6a96adc8f22815,19b21a4fcc510315d1cb855653b75365
18,e3bd5a05f2f9b8da1d6a96adc8f22815,ac8c4463330ed87654a14bc9ee052b02
18,e3bd5a05f2f9b8da1d6a96adc8f22815,df16b030f3b907881013e91e61d8ff8d
18,e3bd5a05f2f9b8da1d6a96adc8f22815,35dbbe3cf8dcec73cf27b48894ef7b42
18,e3bd5a05f2f9b8da1d6a96adc8f22815,08bb369bb7ae717c8265223dd86b91dc
18,e3bd5a05f2f9b8da1d6a96adc8f22815,2db4359b757a1e480af39b887ed25ba0
18,08bb369bb7ae717c8265223dd86b91dc,19b21a4fcc510315d1cb855653b75365
18,08bb369bb7ae717c8265223dd86b91dc,ac8c4463330ed87654a14bc9ee052b02
18,08bb369bb7ae717c8265223dd86b91dc,df16b030f3b907881013e91e61d8ff8d
18,08bb369bb7ae717c8265223dd86b91dc,35dbbe3cf8dcec73cf27b48894ef7b42
18,08bb369bb7ae717c8265223dd86b91dc,e3bd5a05f2f9b8da1d6a96adc8f22815
18,08bb369bb7ae717c8265223dd86b91dc,2db4359b757a1e480af39b887ed25ba0
18,53b62e3dedd947e26e26ef656359854f,18b67a37dac7b1ae8ab3baac17e17371
18,53b62e3dedd947e26e26ef656359854f,9b5fdcb2b2509f6fe70f5dd8eebdf332
18,53b62e3dedd947e26e26ef656359854f,d96c883b72f3e6084c94d309f02d7663
18,9f335f8722e9ce4c734b5ae50322bb1c,6f0c29a0905ed02cc90878646cdde8d2
18,9f335f8722e9ce4c734b5ae50322bb1c,a35666b805814bd006138735ee493e25
18,df16b030f3b907881013e91e61d8ff8d,19b21a4fcc510315d1cb855653b75365
18,df16b030f3b907881013e91e61d8ff8d,35dbbe3cf8dcec73cf27b48894ef7b42
18,df16b030f3b907881013e91e61d8ff8d,e3bd5a05f2f9b8da1d6a96adc8f22815
18,df16b030f3b907881013e91e61d8ff8d,ac8c4463330ed87654a14bc9ee052b02
18,df16b030f3b907881013e91e61d8ff8d,08bb369bb7ae717c8265223dd86b91dc
18,a35666b805814bd006138735ee493e25,9f335f8722e9ce4c734b5ae50322bb1c
18,a35666b805814bd006138735ee493e25,6f0c29a0905ed02cc90878646cdde8d2
18,c7127b333d70930f08d47f8d20d8f2bf,f88c5d972b9e9beca80a17a97799f804
18,c7127b333d70930f08d47f8d20d8f2bf,4e7043fcfdec92a1c173a5144336be2d
18,c7127b333d70930f08d47f8d20d8f2bf,d095f9fbd005b6f9d8ab184b5c79b98b
18,c7127b333d70930f08d47f8d20d8f2bf,62c7dc8e3c64848da5dc44045093eb5d
18,c7127b333d70930f08d47f8d20d8f2bf,0df4f7c17f345de6cb08af8aba5eed14
18,457dab8979a520d2bc0a839fabf555d3,679b90ad48f70e281cc635e579ea007b
18,457dab8979a520d2bc0a839fabf555d3,45c2f5d9b559c84df7ded493d2770dc6
18,6f0c29a0905ed02cc90878646cdde8d2,9f335f8722e9ce4c734b5ae50322bb1c
18,6f0c29a0905ed02cc90878646cdde8d2,a35666b805814bd006138735ee493e25
18,679b90ad48f70e281cc635e579ea007b,457dab8979a520d2bc0a839fabf555d3
18,679b90ad48f70e281cc635e579ea007b,45c2f5d9b559c84df7ded493d2770dc6
18,45c2f5d9b559c84df7ded493d2770dc6,457dab8979a520d2bc0a839fabf555d3
18,45c2f5d9b559c84df7ded493d2770dc6,679b90ad48f70e281cc635e579ea007b
18,785f629365894258ad7722fcbed1b46e,07ce91f86b29dc97f6d8f606fb38577f
18,785f629365894258ad7722fcbed1b46e,012208af9e72db78c706fca2bf82ad64
18,07ce91f86b29dc97f6d8f606fb38577f,785f629365894258ad7722fcbed1b46e
18,07ce91f86b29dc97f6d8f606fb38577f,012208af9e72db78c706fca2bf82ad64
18,012208af9e72db78c706fca2bf82ad64,07ce91f86b29dc97f6d8f606fb38577f
18,012208af9e72db78c706fca2bf82ad64,785f629365894258ad7722fcbed1b46e
18,62c7dc8e3c64848da5dc44045093eb5d,4e7043fcfdec92a1c173a5144336be2d
18,62c7dc8e3c64848da5dc44045093eb5d,d095f9fbd005b6f9d8ab184b5c79b98b
18,62c7dc8e3c64848da5dc44045093eb5d,f88c5d972b9e9beca80a17a97799f804
18,62c7dc8e3c64848da5dc44045093eb5d,0df4f7c17f345de6cb08af8aba5eed14
18,62c7dc8e3c64848da5dc44045093eb5d,c7127b333d70930f08d47f8d20d8f2bf
18,ac28a618621459d8146439b783cc0ff7,9234f349787a2db9cabfa52fd79980f2
18,ac28a618621459d8146439b783cc0ff7,c769d896aa5f4b6227b2dfaa1346bb0e
18,ac28a618621459d8146439b783cc0ff7,a6703f017507a68f904f7bd5f528fd4e
18,ac28a618621459d8146439b783cc0ff7,0d7848fb59a1b301bf1c631a7be27ee4
18,ac28a618621459d8146439b783cc0ff7,ee2f6ef9e0d2d46cfb4be09d7741426d
18,9234f349787a2db9cabfa52fd79980f2,ac28a618621459d8146439b783cc0ff7
18,9234f349787a2db9cabfa52fd79980f2,c769d896aa5f4b6227b2dfaa1346bb0e
18,9234f349787a2db9cabfa52fd79980f2,a6703f017507a68f904f7bd5f528fd4e
18,9234f349787a2db9cabfa52fd79980f2,0d7848fb59a1b301bf1c631a7be27ee4
18,9234f349787a2db9cabfa52fd79980f2,ee2f6ef9e0d2d46cfb4be09d7741426d
18,c769d896aa5f4b6227b2dfaa1346bb0e,ac28a618621459d8146439b783cc0ff7
18,c769d896aa5f4b6227b2dfaa1346bb0e,9234f349787a2db9cabfa52fd79980f2
18,c769d896aa5f4b6227b2dfaa1346bb0e,a6703f017507a68f904f7bd5f528fd4e
18,c769d896aa5f4b6227b2dfaa1346bb0e,0d7848fb59a1b301bf1c631a7be27ee4
18,c769d896aa5f4b6227b2dfaa1346bb0e,ee2f6ef9e0d2d46cfb4be09d7741426d
18,6ef3b6f766fd5ec1cf9a3843e108cbdc,c3e61e4c1bda3f7992b82d5553d1bf28
18,6ef3b6f766fd5ec1cf9a3843e108cbdc,c6b1729519152f138974bd7eb7c40d0d
18,ee2842f7bf31e50fdb71c28f2d459930,08c408bf16d6b80083684e08f5a12dc9
18,ee2842f7bf31e50fdb71c28f2d459930,24e125f07579f58f6ad544f52f0f08a5
18,8295b9f940c96ef3e3ae78da4a43f5b2,98ba6b1a30063fc5aa2dd3c7cab7de67
18,8295b9f940c96ef3e3ae78da4a43f5b2,2106c8c447cbd8a8fda5faef29b0d221
18,8295b9f940c96ef3e3ae78da4a43f5b2,110cfbbd57708d3c822a8daf0ab64cab
18,8295b9f940c96ef3e3ae78da4a43f5b2,c4231408517b648e830294a52e6e8075
18,8295b9f940c96ef3e3ae78da4a43f5b2,b6f833109dc193b2953463a1269e75ab
18,b6f833109dc193b2953463a1269e75ab,98ba6b1a30063fc5aa2dd3c7cab7de67
18,b6f833109dc193b2953463a1269e75ab,2106c8c447cbd8a8fda5faef29b0d221
18,b6f833109dc193b2953463a1269e75ab,110cfbbd57708d3c822a8daf0ab64cab
18,b6f833109dc193b2953463a1269e75ab,c4231408517b648e830294a52e6e8075
18,b6f833109dc193b2953463a1269e75ab,8295b9f940c96ef3e3ae78da4a43f5b2
18,c4231408517b648e830294a52e6e8075,98ba6b1a30063fc5aa2dd3c7cab7de67
18,c4231408517b648e830294a52e6e8075,2106c8c447cbd8a8fda5faef29b0d221
18,c4231408517b648e830294a52e6e8075,110cfbbd57708d3c822a8daf0ab64cab
18,c4231408517b648e830294a52e6e8075,b6f833109dc193b2953463a1269e75ab
18,c4231408517b648e830294a52e6e8075,8295b9f940c96ef3e3ae78da4a43f5b2
18,110cfbbd57708d3c822a8daf0ab64cab,98ba6b1a30063fc5aa2dd3c7cab7de67
18,110cfbbd57708d3c822a8daf0ab64cab,2106c8c447cbd8a8fda5faef29b0d221
18,110cfbbd57708d3c822a8daf0ab64cab,c4231408517b648e830294a52e6e8075
18,110cfbbd57708d3c822a8daf0ab64cab,b6f833109dc193b2953463a1269e75ab
18,110cfbbd57708d3c822a8daf0ab64cab,8295b9f940c96ef3e3ae78da4a43f5b2
18,2106c8c447cbd8a8fda5faef29b0d221,98ba6b1a30063fc5aa2dd3c7cab7de67
18,2106c8c447cbd8a8fda5faef29b0d221,110cfbbd57708d3c822a8daf0ab64cab
18,2106c8c447cbd8a8fda5faef29b0d221,c4231408517b648e830294a52e6e8075
18,2106c8c447cbd8a8fda5faef29b0d221,b6f833109dc193b2953463a1269e75ab
18,2106c8c447cbd8a8fda5faef29b0d221,8295b9f940c96ef3e3ae78da4a43f5b2
18,98ba6b1a30063fc5aa2dd3c7cab7de67,2106c8c447cbd8a8fda5faef29b0d221
18,98ba6b1a30063fc5aa2dd3c7cab7de67,110cfbbd57708d3c822a8daf0ab64cab
18,98ba6b1a30063fc5aa2dd3c7cab7de67,c4231408517b648e830294a52e6e8075
18,98ba6b1a30063fc5aa2dd3c7cab7de67,b6f833109dc193b2953463a1269e75ab
18,98ba6b1a30063fc5aa2dd3c7cab7de67,8295b9f940c96ef3e3ae78da4a43f5b2
18,ad6d1f6839311ae066b71cb2cc3807b5,b6d5ab56b64b8d89d09a8e61b5f71f8e
18,ad6d1f6839311ae066b71cb2cc3807b5,60edc0628ca92523e203a310e8f2a139
18,96cc36f58cf68ace543ee5e436c76e2a,2a3d407dd78bcbdacf0654627595c3bd
18,96cc36f58cf68ace543ee5e436c76e2a,15ca8edb590835b7beabfe1d00bc01d3
18,96cc36f58cf68ace543ee5e436c76e2a,db112654e0bc0298faf4964428a3c4e0
18,15ca8edb590835b7beabfe1d00bc01d3,96cc36f58cf68ace543ee5e436c76e2a
18,15ca8edb590835b7beabfe1d00bc01d3,2a3d407dd78bcbdacf0654627595c3bd
18,15ca8edb590835b7beabfe1d00bc01d3,db112654e0bc0298faf4964428a3c4e0
18,2a3d407dd78bcbdacf0654627595c3bd,96cc36f58cf68ace543ee5e436c76e2a
18,2a3d407dd78bcbdacf0654627595c3bd,15ca8edb590835b7beabfe1d00bc01d3
18,2a3d407dd78bcbdacf0654627595c3bd,db112654e0bc0298faf4964428a3c4e0
18,db112654e0bc0298faf4964428a3c4e0,96cc36f58cf68ace543ee5e436c76e2a
18,db112654e0bc0298faf4964428a3c4e0,2a3d407dd78bcbdacf0654627595c3bd
18,db112654e0bc0298faf4964428a3c4e0,15ca8edb590835b7beabfe1d00bc01d3
18,5775cc1718530696fd5ace93a032ca50,b3668a95972518e9a3b70687b8176f4f
18,5775cc1718530696fd5ace93a032ca50,f228d0e602d0dc4a4a7e77541286336e
18,b6d5ab56b64b8d89d09a8e61b5f71f8e,ad6d1f6839311ae066b71cb2cc3807b5
18,b6d5ab56b64b8d89d09a8e61b5f71f8e,60edc0628ca92523e203a310e8f2a139
18,55f8e51cadb3e9f292372281d6f08ff7,42286d457454808c44127f09757e64a9
18,55f8e51cadb3e9f292372281d6f08ff7,0b56777aba207ee401d32d7939734296
18,55f8e51cadb3e9f292372281d6f08ff7,472dd02d4e9041a87e89ff7aa5b35f6d
18,42286d457454808c44127f09757e64a9,55f8e51cadb3e9f292372281d6f08ff7
18,42286d457454808c44127f09757e64a9,0b56777aba207ee401d32d7939734296
18,42286d457454808c44127f09757e64a9,472dd02d4e9041a87e89ff7aa5b35f6d
18,0b56777aba207ee401d32d7939734296,55f8e51cadb3e9f292372281d6f08ff7
18,0b56777aba207ee401d32d7939734296,472dd02d4e9041a87e89ff7aa5b35f6d
18,0b56777aba207ee401d32d7939734296,42286d457454808c44127f09757e64a9
18,472dd02d4e9041a87e89ff7aa5b35f6d,55f8e51cadb3e9f292372281d6f08ff7
18,472dd02d4e9041a87e89ff7aa5b35f6d,0b56777aba207ee401d32d7939734296
18,472dd02d4e9041a87e89ff7aa5b35f6d,42286d457454808c44127f09757e64a9
18,4e7043fcfdec92a1c173a5144336be2d,f88c5d972b9e9beca80a17a97799f804
18,4e7043fcfdec92a1c173a5144336be2d,c7127b333d70930f08d47f8d20d8f2bf
18,4e7043fcfdec92a1c173a5144336be2d,0df4f7c17f345de6cb08af8aba5eed14
18,4e7043fcfdec92a1c173a5144336be2d,d095f9fbd005b6f9d8ab184b5c79b98b
18,4e7043fcfdec92a1c173a5144336be2d,62c7dc8e3c64848da5dc44045093eb5d
18,f88c5d972b9e9beca80a17a97799f804,c7127b333d70930f08d47f8d20d8f2bf
18,f88c5d972b9e9beca80a17a97799f804,4e7043fcfdec92a1c173a5144336be2d
18,f88c5d972b9e9beca80a17a97799f804,0df4f7c17f345de6cb08af8aba5eed14
18,f88c5d972b9e9beca80a17a97799f804,62c7dc8e3c64848da5dc44045093eb5d
18,f88c5d972b9e9beca80a17a97799f804,d095f9fbd005b6f9d8ab184b5c79b98b
18,a6703f017507a68f904f7bd5f528fd4e,ac28a618621459d8146439b783cc0ff7
18,a6703f017507a68f904f7bd5f528fd4e,c769d896aa5f4b6227b2dfaa1346bb0e
18,a6703f017507a68f904f7bd5f528fd4e,0d7848fb59a1b301bf1c631a7be27ee4
18,a6703f017507a68f904f7bd5f528fd4e,ee2f6ef9e0d2d46cfb4be09d7741426d
18,a6703f017507a68f904f7bd5f528fd4e,9234f349787a2db9cabfa52fd79980f2
18,0d7848fb59a1b301bf1c631a7be27ee4,ac28a618621459d8146439b783cc0ff7
18,0d7848fb59a1b301bf1c631a7be27ee4,c769d896aa5f4b6227b2dfaa1346bb0e
18,0d7848fb59a1b301bf1c631a7be27ee4,a6703f017507a68f904f7bd5f528fd4e
18,0d7848fb59a1b301bf1c631a7be27ee4,ee2f6ef9e0d2d46cfb4be09d7741426d
18,0d7848fb59a1b301bf1c631a7be27ee4,9234f349787a2db9cabfa52fd79980f2
18,ee2f6ef9e0d2d46cfb4be09d7741426d,ac28a618621459d8146439b783cc0ff7
18,ee2f6ef9e0d2d46cfb4be09d7741426d,c769d896aa5f4b6227b2dfaa1346bb0e
18,ee2f6ef9e0d2d46cfb4be09d7741426d,a6703f017507a68f904f7bd5f528fd4e
18,ee2f6ef9e0d2d46cfb4be09d7741426d,ee2f6ef9e0d2d46cfb4be09d7741426d
18,ee2f6ef9e0d2d46cfb4be09d7741426d,9234f349787a2db9cabfa52fd79980f2
18,9b5fdcb2b2509f6fe70f5dd8eebdf332,53b62e3dedd947e26e26ef656359854f
18,9b5fdcb2b2509f6fe70f5dd8eebdf332,18b67a37dac7b1ae8ab3baac17e17371
18,9b5fdcb2b2509f6fe70f5dd8eebdf332,d96c883b72f3e6084c94d309f02d7663
18,18b67a37dac7b1ae8ab3baac17e17371,53b62e3dedd947e26e26ef656359854f
18,18b67a37dac7b1ae8ab3baac17e17371,9b5fdcb2b2509f6fe70f5dd8eebdf332
18,18b67a37dac7b1ae8ab3baac17e17371,d96c883b72f3e6084c94d309f02d7663
18,d96c883b72f3e6084c94d309f02d7663,53b62e3dedd947e26e26ef656359854f
18,d96c883b72f3e6084c94d309f02d7663,9b5fdcb2b2509f6fe70f5dd8eebdf332
18,d96c883b72f3e6084c94d309f02d7663,18b67a37dac7b1ae8ab3baac17e17371
18,c3e61e4c1bda3f7992b82d5553d1bf28,6ef3b6f766fd5ec1cf9a3843e108cbdc
18,c3e61e4c1bda3f7992b82d5553d1bf28,c6b1729519152f138974bd7eb7c40d0d
18,d095f9fbd005b6f9d8ab184b5c79b98b,62c7dc8e3c64848da5dc44045093eb5d
18,d095f9fbd005b6f9d8ab184b5c79b98b,f88c5d972b9e9beca80a17a97799f804
18,d095f9fbd005b6f9d8ab184b5c79b98b,0df4f7c17f345de6cb08af8aba5eed14
18,d095f9fbd005b6f9d8ab184b5c79b98b,4e7043fcfdec92a1c173a5144336be2d
18,d095f9fbd005b6f9d8ab184b5c79b98b,c7127b333d70930f08d47f8d20d8f2bf
18,0df4f7c17f345de6cb08af8aba5eed14,62c7dc8e3c64848da5dc44045093eb5d
18,0df4f7c17f345de6cb08af8aba5eed14,f88c5d972b9e9beca80a17a97799f804
18,0df4f7c17f345de6cb08af8aba5eed14,d095f9fbd005b6f9d8ab184b5c79b98b
18,0df4f7c17f345de6cb08af8aba5eed14,4e7043fcfdec92a1c173a5144336be2d
18,0df4f7c17f345de6cb08af8aba5eed14,c7127b333d70930f08d47f8d20d8f2bf
18,c6b1729519152f138974bd7eb7c40d0d,c3e61e4c1bda3f7992b82d5553d1bf28
18,c6b1729519152f138974bd7eb7c40d0d,6ef3b6f766fd5ec1cf9a3843e108cbdc
18,08c408bf16d6b80083684e08f5a12dc9,ee2842f7bf31e50fdb71c28f2d459930
18,08c408bf16d6b80083684e08f5a12dc9,24e125f07579f58f6ad544f52f0f08a5
18,60edc0628ca92523e203a310e8f2a139,ad6d1f6839311ae066b71cb2cc3807b5
18,60edc0628ca92523e203a310e8f2a139,b6d5ab56b64b8d89d09a8e61b5f71f8e
18,46ae48beccca8b8028341f8356c3e6d1,3b278ad8a5240eac4f2dbb7ace6aaf80
18,46ae48beccca8b8028341f8356c3e6d1,e8d44be00eb3f5e354aee4f3178a7e8a
18,3b278ad8a5240eac4f2dbb7ace6aaf80,46ae48beccca8b8028341f8356c3e6d1
18,3b278ad8a5240eac4f2dbb7ace6aaf80,e8d44be00eb3f5e354aee4f3178a7e8a
18,e8d44be00eb3f5e354aee4f3178a7e8a,46ae48beccca8b8028341f8356c3e6d1
18,e8d44be00eb3f5e354aee4f3178a7e8a,3b278ad8a5240eac4f2dbb7ace6aaf80
18,24e125f07579f58f6ad544f52f0f08a5,ee2842f7bf31e50fdb71c28f2d459930
18,24e125f07579f58f6ad544f52f0f08a5,08c408bf16d6b80083684e08f5a12dc9
18,0a7e5d5929d79af97d25c39404f59ff8,b109e23251855c18a74f333669b69181
18,0a7e5d5929d79af97d25c39404f59ff8,f57ff995c74a0f596d07d21b3940aede
18,b109e23251855c18a74f333669b69181,f57ff995c74a0f596d07d21b3940aede
18,b109e23251855c18a74f333669b69181,0a7e5d5929d79af97d25c39404f59ff8
18,f57ff995c74a0f596d07d21b3940aede,b109e23251855c18a74f333669b69181
18,f57ff995c74a0f596d07d21b3940aede,0a7e5d5929d79af97d25c39404f59ff8
18,42ede4351c176a189d889cfcec7c3fa6,456bb649a3edada1f873115c7b6dd7a1
18,42ede4351c176a189d889cfcec7c3fa6,46de9f880444c633d42b56a484560810
18,456bb649a3edada1f873115c7b6dd7a1,42ede4351c176a189d889cfcec7c3fa6
18,456bb649a3edada1f873115c7b6dd7a1,46de9f880444c633d42b56a484560810
18,46de9f880444c633d42b56a484560810,42ede4351c176a189d889cfcec7c3fa6
18,46de9f880444c633d42b56a484560810,456bb649a3edada1f873115c7b6dd7a1
19,414fd8002bba51ffdf2dd2f4dada6da3,317e674402b59f073168c8bcd0a1c2f6
19,414fd8002bba51ffdf2dd2f4dada6da3,801f7979005a1fd3e7aa9daefeff9836
19,414fd8002bba51ffdf2dd2f4dada6da3,bcf2670e7951ee43f138dd3a7a30ba76
19,88b06673a3144e8d71edda39b32d08ba,e91b0486b3d2ce38aca63711093195e1
19,88b06673a3144e8d71edda39b32d08ba,3b341448d718db8efedb8bd85ab57e9a
19,88b06673a3144e8d71edda39b32d08ba,8e434e2234b19ef05aca87b3a885257d
19,ea96cd4c5b570c850f93500a298e5455,d48d43ce9e0f2ca8926f0e02fd5e15b0
19,ea96cd4c5b570c850f93500a298e5455,5beb5879bff0c6d6261c2ccb82a1000b
19,ea96cd4c5b570c850f93500a298e5455,3ddef05c1adc72db8eed61b011fd5c28
19,ea96cd4c5b570c850f93500a298e5455,e27ba8aabc97e5a618723da40f9e6049
19,58ebd31c71b7cf3de8151c2380616ea0,3ddef05c1adc72db8eed61b011fd5c28
19,58ebd31c71b7cf3de8151c2380616ea0,e27ba8aabc97e5a618723da40f9e6049
19,5f825036c87f27b855ac0575b4d031d9,dee54f051738f3e5906008ea4eb6d851
19,5f825036c87f27b855ac0575b4d031d9,a27501ded339d75760abd5b6dbf440ad
19,5b49bbbfb2c11c3b1d7752c9a5531787,006be2dece050eeac12e43849ea25d95
19,5b49bbbfb2c11c3b1d7752c9a5531787,434aec2ffd2a524ede533b8f9d766cdc
19,3ddef05c1adc72db8eed61b011fd5c28,d48d43ce9e0f2ca8926f0e02fd5e15b0
19,3ddef05c1adc72db8eed61b011fd5c28,5beb5879bff0c6d6261c2ccb82a1000b
19,62ca9af4743dbaeef6f4de7bf680febe,22fa80b301b0d2b51f8abf1ca6390055
19,62ca9af4743dbaeef6f4de7bf680febe,02a29fd6fc79ef2f490ad8258cc63032
19,62ca9af4743dbaeef6f4de7bf680febe,98a2e889db64206e20f47d2774a64220
19,937484a00031b7246ddcbd8a0e1ad860,5beb5879bff0c6d6261c2ccb82a1000b
19,937484a00031b7246ddcbd8a0e1ad860,d48d43ce9e0f2ca8926f0e02fd5e15b0
19,98a2e889db64206e20f47d2774a64220,22fa80b301b0d2b51f8abf1ca6390055
19,98a2e889db64206e20f47d2774a64220,02a29fd6fc79ef2f490ad8258cc63032
19,c4edc397165a948d6ac2d44efc798599,d48d43ce9e0f2ca8926f0e02fd5e15b0
19,c4edc397165a948d6ac2d44efc798599,3410bf1e2dfb51ede6833a8345c8eba7
19,c1431051efc27fa5301c35f370e5bd6a,dee54f051738f3e5906008ea4eb6d851
19,c1431051efc27fa5301c35f370e5bd6a,8fc02b9ae601edae8c1a55e03e43bd6e
19,8208c000d93fc9485a9329bc651c7480,dee54f051738f3e5906008ea4eb6d851
19,8208c000d93fc9485a9329bc651c7480,8fc02b9ae601edae8c1a55e03e43bd6e
19,3410bf1e2dfb51ede6833a8345c8eba7,d48d43ce9e0f2ca8926f0e02fd5e15b0
19,3410bf1e2dfb51ede6833a8345c8eba7,c4edc397165a948d6ac2d44efc798599
19,3aa8f1dc646417d175170e4590068f32,4c8154c35a3ed8cbb97f3c2d128c5a9c
19,3aa8f1dc646417d175170e4590068f32,59635075a960f1ace08ac0c5534ad341
19,bcf2670e7951ee43f138dd3a7a30ba76,317e674402b59f073168c8bcd0a1c2f6
19,bcf2670e7951ee43f138dd3a7a30ba76,801f7979005a1fd3e7aa9daefeff9836
19,4c8154c35a3ed8cbb97f3c2d128c5a9c,6b7ea94d630b272788f444d9b09016d3
19,4c8154c35a3ed8cbb97f3c2d128c5a9c,4006c2670b7445af9cd4219099917ac1
19,49b5d69b65f81fcb2f941f40b5c05801,4c8154c35a3ed8cbb97f3c2d128c5a9c
19,49b5d69b65f81fcb2f941f40b5c05801,4006c2670b7445af9cd4219099917ac1
19,22aaac28d08f75a7992b6ede765cbf99,08c9286281f87bd500d28dbf27bbc603
19,22aaac28d08f75a7992b6ede765cbf99,faa06ea435b49732bd098c829cfbfd97
19,452e6a75d18c60be793b6bbfad87484f,7ce27c7d82d0a888d24416f6090033bb
19,452e6a75d18c60be793b6bbfad87484f,89dc922d83788720f1826e113c194fc9
19,5d8358fb402ebc7765bad7ce94139072,36295f44ac10ed1836d47045f40ad68c
19,5d8358fb402ebc7765bad7ce94139072,7fc393b623c6e87d6d01f442b03aa424
19,c41ab46f8127ef4d6f7ae9bb01c6cc02,b5ffb5d0b661862b05860c356133745b
19,c41ab46f8127ef4d6f7ae9bb01c6cc02,d5c0dcc059d05bd23c90c0d12c4ee3c0
19,e013a6789dbd385b941d7acf8a536092,300ca0886157e10a48c1fa0693d386d8
19,e013a6789dbd385b941d7acf8a536092,a3bc5116a10f639e92d72961535d4060
19,a8e6b1e029aaf53f0fcf6939e99c54b0,713c0c0ed36657d7af9acc683f23ad5d
19,a8e6b1e029aaf53f0fcf6939e99c54b0,1197053ccd5a61442c3590af1e64699f
20,992fb65b6467e0a245b46ffe24e6c320,dcfa38c24d1f5711f360c866a760c40b
20,992fb65b6467e0a245b46ffe24e6c320,ac5cb471b64a973696b313612730ac3b
20,872267afda52577d6072cbfefdec292a,948e38b283ebb1359d59ff5e7c01f3ff
20,872267afda52577d6072cbfefdec292a,06f077b5874253b5a0d7fc2cdc931280
21,b5faf2014c7125ae94347bf79bc3364d,919087aa3707f103069abfb529912a27
21,b5faf2014c7125ae94347bf79bc3364d,4e1974640c4d3b8a2880630af3be1e5a
21,b5faf2014c7125ae94347bf79bc3364d,5b9675a65287e6e6ca0c2bfd0d8e4ee1
21,b5faf2014c7125ae94347bf79bc3364d,3e9d26314a4d6386a708a9faf1b78f54
21,4e1974640c4d3b8a2880630af3be1e5a,5b9675a65287e6e6ca0c2bfd0d8e4ee1
21,4e1974640c4d3b8a2880630af3be1e5a,919087aa3707f103069abfb529912a27
21,4e1974640c4d3b8a2880630af3be1e5a,b5faf2014c7125ae94347bf79bc3364d
21,4e1974640c4d3b8a2880630af3be1e5a,3e9d26314a4d6386a708a9faf1b78f54
21,5b9675a65287e6e6ca0c2bfd0d8e4ee1,4e1974640c4d3b8a2880630af3be1e5a
21,5b9675a65287e6e6ca0c2bfd0d8e4ee1,919087aa3707f103069abfb529912a27
21,5b9675a65287e6e6ca0c2bfd0d8e4ee1,b5faf2014c7125ae94347bf79bc3364d
21,5b9675a65287e6e6ca0c2bfd0d8e4ee1,3e9d26314a4d6386a708a9faf1b78f54
21,3e9d26314a4d6386a708a9faf1b78f54,919087aa3707f103069abfb529912a27
21,3e9d26314a4d6386a708a9faf1b78f54,b5faf2014c7125ae94347bf79bc3364d
21,3e9d26314a4d6386a708a9faf1b78f54,4e1974640c4d3b8a2880630af3be1e5a
21,3e9d26314a4d6386a708a9faf1b78f54,5b9675a65287e6e6ca0c2bfd0d8e4ee1
21,4722a525787e088b8ea95a29852350a9,f7d5b88c8377f8b5cb31249f7ed578d4
21,4722a525787e088b8ea95a29852350a9,eb14b53c4721870bace97f13ba348c17
21,4722a525787e088b8ea95a29852350a9,917d7d797bacde9da6235833f9a3c662
21,4722a525787e088b8ea95a29852350a9,5aec183167375f30efb0cbed23c80131
21,4722a525787e088b8ea95a29852350a9,3851c6153ba859225f4f08e3f527fb23
21,4722a525787e088b8ea95a29852350a9,4feb5775decf35aa920e5a32866e7c25
21,4722a525787e088b8ea95a29852350a9,c427924bc869b39437de1d87858dd2d9
21,7cb5a02adb1e2d1d5f114ef7dcecf392,af66abe79f282ff18a43854adb588ad2
21,7cb5a02adb1e2d1d5f114ef7dcecf392,48256d7a9719b7301093c643061ad9bc
21,7cb5a02adb1e2d1d5f114ef7dcecf392,29d9ebf1e17e764bb089d2c7d7edfa3c
21,ae0d9dcaaa0dd5e64a76a8ce05a80730,6e7704ff5ec3820c6780f5a54d07c42e
21,ae0d9dcaaa0dd5e64a76a8ce05a80730,4c83b7d8d9a4856e7a7789ef19bd1bbc
21,b6eb8d0d3ac47cfa0d9ba538f3f6636d,b766b58fec9f78929348db56e8cc0f3e
21,b6eb8d0d3ac47cfa0d9ba538f3f6636d,2e021815c12013e9b90a883a2ca35bcc
21,85da3eea01edc5ad01242a7029b9a7ad,b7657520b157876c49ef11af1916466d
21,85da3eea01edc5ad01242a7029b9a7ad,ca73ec084a12c30bca60ee67c6ca5cc9
21,85da3eea01edc5ad01242a7029b9a7ad,a348a3923cacdf8e499860d3dbdc2797
21,aa36f23856762b463b8387ef6ecb19cb,9b8587a584f45dbcb71a00d94ded913f
21,aa36f23856762b463b8387ef6ecb19cb,570b42bcdb812f4c4f324ec56d61d7f9
21,aa36f23856762b463b8387ef6ecb19cb,f8518c1453b86cfc65677be93f30f6ed
21,aa36f23856762b463b8387ef6ecb19cb,9f0771453a7becb154d46da6cd25911a
21,aa36f23856762b463b8387ef6ecb19cb,042e5521888e71e57953d189453a760e
21,a69976a13268d0dc0a4313f9fb28c01d,7e59c3a3739b60c59ba3782c1edebaa4
21,a69976a13268d0dc0a4313f9fb28c01d,d90ca42a249efbb6bcc0c6c629c8a365
21,9f0771453a7becb154d46da6cd25911a,9b8587a584f45dbcb71a00d94ded913f
21,9f0771453a7becb154d46da6cd25911a,570b42bcdb812f4c4f324ec56d61d7f9
21,9f0771453a7becb154d46da6cd25911a,f8518c1453b86cfc65677be93f30f6ed
21,9f0771453a7becb154d46da6cd25911a,aa36f23856762b463b8387ef6ecb19cb
21,9f0771453a7becb154d46da6cd25911a,042e5521888e71e57953d189453a760e
21,042e5521888e71e57953d189453a760e,9b8587a584f45dbcb71a00d94ded913f
21,042e5521888e71e57953d189453a760e,570b42bcdb812f4c4f324ec56d61d7f9
21,042e5521888e71e57953d189453a760e,f8518c1453b86cfc65677be93f30f6ed
21,042e5521888e71e57953d189453a760e,aa36f23856762b463b8387ef6ecb19cb
21,042e5521888e71e57953d189453a760e,9f0771453a7becb154d46da6cd25911a
21,4feb5775decf35aa920e5a32866e7c25,f7d5b88c8377f8b5cb31249f7ed578d4
21,4feb5775decf35aa920e5a32866e7c25,eb14b53c4721870bace97f13ba348c17
21,4feb5775decf35aa920e5a32866e7c25,917d7d797bacde9da6235833f9a3c662
21,4feb5775decf35aa920e5a32866e7c25,5aec183167375f30efb0cbed23c80131
21,4feb5775decf35aa920e5a32866e7c25,3851c6153ba859225f4f08e3f527fb23
21,4feb5775decf35aa920e5a32866e7c25,c427924bc869b39437de1d87858dd2d9
21,4feb5775decf35aa920e5a32866e7c25,4722a525787e088b8ea95a29852350a9
21,29d9ebf1e17e764bb089d2c7d7edfa3c,af66abe79f282ff18a43854adb588ad2
21,29d9ebf1e17e764bb089d2c7d7edfa3c,48256d7a9719b7301093c643061ad9bc
21,29d9ebf1e17e764bb089d2c7d7edfa3c,7cb5a02adb1e2d1d5f114ef7dcecf392
21,c427924bc869b39437de1d87858dd2d9,f7d5b88c8377f8b5cb31249f7ed578d4
21,c427924bc869b39437de1d87858dd2d9,eb14b53c4721870bace97f13ba348c17
21,c427924bc869b39437de1d87858dd2d9,917d7d797bacde9da6235833f9a3c662
21,c427924bc869b39437de1d87858dd2d9,5aec183167375f30efb0cbed23c80131
21,c427924bc869b39437de1d87858dd2d9,3851c6153ba859225f4f08e3f527fb23
21,c427924bc869b39437de1d87858dd2d9,4feb5775decf35aa920e5a32866e7c25
21,c427924bc869b39437de1d87858dd2d9,4722a525787e088b8ea95a29852350a9
21,9b8587a584f45dbcb71a00d94ded913f,aa36f23856762b463b8387ef6ecb19cb
21,9b8587a584f45dbcb71a00d94ded913f,9f0771453a7becb154d46da6cd25911a
21,9b8587a584f45dbcb71a00d94ded913f,f8518c1453b86cfc65677be93f30f6ed
21,9b8587a584f45dbcb71a00d94ded913f,042e5521888e71e57953d189453a760e
21,9b8587a584f45dbcb71a00d94ded913f,570b42bcdb812f4c4f324ec56d61d7f9
21,67db31d0074205fb9669233548fa6e26,70
21,67db31d0074205fb9669233548fa6e26,132
21,a348a3923cacdf8e499860d3dbdc2797,b7657520b157876c49ef11af1916466d
21,a348a3923cacdf8e499860d3dbdc2797,ca73ec084a12c30bca60ee67c6ca5cc9
21,a348a3923cacdf8e499860d3dbdc2797,85da3eea01edc5ad01242a7029b9a7ad
21,af66abe79f282ff18a43854adb588ad2,48256d7a9719b7301093c643061ad9bc
21,af66abe79f282ff18a43854adb588ad2,7cb5a02adb1e2d1d5f114ef7dcecf392
21,af66abe79f282ff18a43854adb588ad2,29d9ebf1e17e764bb089d2c7d7edfa3c
21,b7657520b157876c49ef11af1916466d,ca73ec084a12c30bca60ee67c6ca5cc9
21,b7657520b157876c49ef11af1916466d,a348a3923cacdf8e499860d3dbdc2797
21,b7657520b157876c49ef11af1916466d,85da3eea01edc5ad01242a7029b9a7ad
21,36c45d07014480843104b03f735cfa04,d570bf17bb6f683cc628d9a7b36d49cd
21,36c45d07014480843104b03f735cfa04,911deba084b4d8786da1443535e3c182
21,f7d5b88c8377f8b5cb31249f7ed578d4,5aec183167375f30efb0cbed23c80131
21,f7d5b88c8377f8b5cb31249f7ed578d4,3851c6153ba859225f4f08e3f527fb23
21,f7d5b88c8377f8b5cb31249f7ed578d4,eb14b53c4721870bace97f13ba348c17
21,f7d5b88c8377f8b5cb31249f7ed578d4,917d7d797bacde9da6235833f9a3c662
21,f7d5b88c8377f8b5cb31249f7ed578d4,4feb5775decf35aa920e5a32866e7c25
21,f7d5b88c8377f8b5cb31249f7ed578d4,c427924bc869b39437de1d87858dd2d9
21,f7d5b88c8377f8b5cb31249f7ed578d4,4722a525787e088b8ea95a29852350a9
21,4af40508f832a8877c7aa03fa068b09f,2e021815c12013e9b90a883a2ca35bcc
21,4af40508f832a8877c7aa03fa068b09f,23008d48bc5219e13b642429fc2ab238
21,4af40508f832a8877c7aa03fa068b09f,b6eb8d0d3ac47cfa0d9ba538f3f6636d
21,4af40508f832a8877c7aa03fa068b09f,b766b58fec9f78929348db56e8cc0f3e
21,7e59c3a3739b60c59ba3782c1edebaa4,a69976a13268d0dc0a4313f9fb28c01d
21,7e59c3a3739b60c59ba3782c1edebaa4,d90ca42a249efbb6bcc0c6c629c8a365
21,ca73ec084a12c30bca60ee67c6ca5cc9,b7657520b157876c49ef11af1916466d
21,ca73ec084a12c30bca60ee67c6ca5cc9,a348a3923cacdf8e499860d3dbdc2797
21,ca73ec084a12c30bca60ee67c6ca5cc9,85da3eea01edc5ad01242a7029b9a7ad
21,911deba084b4d8786da1443535e3c182,d570bf17bb6f683cc628d9a7b36d49cd
21,911deba084b4d8786da1443535e3c182,36c45d07014480843104b03f735cfa04
21,d90ca42a249efbb6bcc0c6c629c8a365,a69976a13268d0dc0a4313f9fb28c01d
21,d90ca42a249efbb6bcc0c6c629c8a365,7e59c3a3739b60c59ba3782c1edebaa4
21,48256d7a9719b7301093c643061ad9bc,37af66abe79f282ff18a43854adb588ad2
21,48256d7a9719b7301093c643061ad9bc,7cb5a02adb1e2d1d5f114ef7dcecf392
21,48256d7a9719b7301093c643061ad9bc,29d9ebf1e17e764bb089d2c7d7edfa3c
21,b766b58fec9f78929348db56e8cc0f3e,2e021815c12013e9b90a883a2ca35bcc
21,b766b58fec9f78929348db56e8cc0f3e,23008d48bc5219e13b642429fc2ab238
21,b766b58fec9f78929348db56e8cc0f3e,4af40508f832a8877c7aa03fa068b09f
21,b766b58fec9f78929348db56e8cc0f3e,b6eb8d0d3ac47cfa0d9ba538f3f6636d
21,2e021815c12013e9b90a883a2ca35bcc,23008d48bc5219e13b642429fc2ab238
21,2e021815c12013e9b90a883a2ca35bcc,b766b58fec9f78929348db56e8cc0f3e
21,2e021815c12013e9b90a883a2ca35bcc,4af40508f832a8877c7aa03fa068b09f
21,2e021815c12013e9b90a883a2ca35bcc,b6eb8d0d3ac47cfa0d9ba538f3f6636d
21,23008d48bc5219e13b642429fc2ab238,2e021815c12013e9b90a883a2ca35bcc
21,23008d48bc5219e13b642429fc2ab238,b766b58fec9f78929348db56e8cc0f3e
21,23008d48bc5219e13b642429fc2ab238,4af40508f832a8877c7aa03fa068b09f
21,23008d48bc5219e13b642429fc2ab238,b6eb8d0d3ac47cfa0d9ba538f3f6636d
21,23008d48bc5219e13b642429fc2ab238,3d9390d9288a33b7285b9916dec0b956
21,570b42bcdb812f4c4f324ec56d61d7f9,aa36f23856762b463b8387ef6ecb19cb
21,570b42bcdb812f4c4f324ec56d61d7f9,9b8587a584f45dbcb71a00d94ded913f
21,570b42bcdb812f4c4f324ec56d61d7f9,9f0771453a7becb154d46da6cd25911a
21,570b42bcdb812f4c4f324ec56d61d7f9,f8518c1453b86cfc65677be93f30f6ed
21,570b42bcdb812f4c4f324ec56d61d7f9,042e5521888e71e57953d189453a760e
21,4c83b7d8d9a4856e7a7789ef19bd1bbc,6e7704ff5ec3820c6780f5a54d07c42e
21,4c83b7d8d9a4856e7a7789ef19bd1bbc,ae0d9dcaaa0dd5e64a76a8ce05a80730
21,6e7704ff5ec3820c6780f5a54d07c42e,4c83b7d8d9a4856e7a7789ef19bd1bbc
21,6e7704ff5ec3820c6780f5a54d07c42e,ae0d9dcaaa0dd5e64a76a8ce05a80730
21,d570bf17bb6f683cc628d9a7b36d49cd,36c45d07014480843104b03f735cfa04
21,d570bf17bb6f683cc628d9a7b36d49cd,911deba084b4d8786da1443535e3c182
21,f8518c1453b86cfc65677be93f30f6ed,9b8587a584f45dbcb71a00d94ded913f
21,f8518c1453b86cfc65677be93f30f6ed,aa36f23856762b463b8387ef6ecb19cb
21,f8518c1453b86cfc65677be93f30f6ed,9f0771453a7becb154d46da6cd25911a
21,f8518c1453b86cfc65677be93f30f6ed,570b42bcdb812f4c4f324ec56d61d7f9
21,f8518c1453b86cfc65677be93f30f6ed,042e5521888e71e57953d189453a760e
26,ac0f3de7982830b47e3055786e0f6529,4c633e1c19ab498f295d4a0367acacaf
26,ac0f3de7982830b47e3055786e0f6529,b28505f72e88942bc3b6e3c190d8698a
26,ac0f3de7982830b47e3055786e0f6529,93ce101d9235117a7d62679bcc87e75b
26,ac0f3de7982830b47e3055786e0f6529,dba48622367b483c52d48e4ae4089b6f
26,ac0f3de7982830b47e3055786e0f6529,031985a08a4081d1954a6dfdb2ac4014
26,b28505f72e88942bc3b6e3c190d8698a,ac0f3de7982830b47e3055786e0f6529
26,b28505f72e88942bc3b6e3c190d8698a,dba48622367b483c52d48e4ae4089b6f
26,b28505f72e88942bc3b6e3c190d8698a,93ce101d9235117a7d62679bcc87e75b
26,8b7c9600a7c8706847b99d4d905573b1,521e392eb73bc5a4f32b67464d5a3cad
26,8b7c9600a7c8706847b99d4d905573b1,5532a9c463b59636f92b88d0e403d508
26,e80f5dad98c9ae2a4b4a14fbe58fb39a,ac7115378dd606dddf71284730e9ff2c
26,e80f5dad98c9ae2a4b4a14fbe58fb39a,84f180209a1eed1353e52888f75df978
26,5cc5114334872dce6298f9e109558ea0,038c1b9cf7d8a52faf35572ab6d4cbaa
26,5cc5114334872dce6298f9e109558ea0,ad8272a8d504cab5af22064fba8e82bf
26,187938918af7af2051f9fcfd735084c5,ac7115378dd606dddf71284730e9ff2c
26,187938918af7af2051f9fcfd735084c5,58cc7e94637bea2750c89ad11ab66205
26,3c34970c7f093beec1f7d07af4e99e68,c70b978e2d6e3c05ef096035fcc49134
26,3c34970c7f093beec1f7d07af4e99e68,6b7d2e4e831fa2dee74e5f0327573c14
26,3c34970c7f093beec1f7d07af4e99e68,085c60397bfaa378517bae699d0be96f
26,3c34970c7f093beec1f7d07af4e99e68,a241cc935b923b05d5358db3c3e417ce
26,5f0315747137fd5533c97c9ec786526b,3c34970c7f093beec1f7d07af4e99e68
26,5f0315747137fd5533c97c9ec786526b,0c46028a5a8095ac66506ba04f64450b
26,47a3e99efcc21760de6df998f220e59c,ca430fa06a1becdca65850dfd65c5976
26,47a3e99efcc21760de6df998f220e59c,94b0430b86cc6065df6a15f1f2da38d4
26,0e329fc3ac8f9c624fa5b954517e9f37,3e159131021b31cf137390174b296058
26,0e329fc3ac8f9c624fa5b954517e9f37,ca430fa06a1becdca65850dfd65c5976
26,431366f4be181c3e825db11abce9ac5c,8ca29da207cf607f25fd0d0f97a14b88
26,431366f4be181c3e825db11abce9ac5c,3c77abc9d1f0c9891d5ff1858765aa4a
26,31ef77f8e1c49cc26bfad6cd7c109dc0,8ca29da207cf607f25fd0d0f97a14b88
26,31ef77f8e1c49cc26bfad6cd7c109dc0,3c77abc9d1f0c9891d5ff1858765aa4a
26,d4be16cfd5829323596bef0bdeb97eb7,ed2844e747815e912d81bb2e9735b42a
26,d4be16cfd5829323596bef0bdeb97eb7,c4afac216dc2e6c23a4a28fe453aafc7
26,1ea6eee094bfe8bd34c15e95643f4a37,3de24a2c5f4e9af668ccdeb14e53cdc9
26,1ea6eee094bfe8bd34c15e95643f4a37,3de24a2c5f4e9af668ccdeb14e53cdc9
26,ad8272a8d504cab5af22064fba8e82bf,94368fc880096ca13eecb1235064dbf3
26,ad8272a8d504cab5af22064fba8e82bf,038c1b9cf7d8a52faf35572ab6d4cbaa
26,b1ee8e9dfeaaf1aa18d17aeaccd00a1e,1fd30befd4677b7b01ff6445882898d5
26,b1ee8e9dfeaaf1aa18d17aeaccd00a1e,fda2e733fb60aa25b23d600b75e2e5eb
26,0adae3da20baea602587724120d0f82f,3cb4f11ee5c2760a4001133df3a5d59a
26,0adae3da20baea602587724120d0f82f,f5988a594b19246a2cf91071f323632a
26,bd9cc60e73fc2488bc3887f621d6a9ac,040b76de7d9e3ac4c5bd34a270935fd0
26,bd9cc60e73fc2488bc3887f621d6a9ac,ab33c75bb37805e7938f894a0357e8f4
26,ac7115378dd606dddf71284730e9ff2c,69941df502fab6c5f22aaa02e8384b6a
26,ac7115378dd606dddf71284730e9ff2c,ebbf00628473456ec4f33bee4c509f79
26,2df7c33eb783f074e4050bd2deaf15d5,09dd767060fcaf760b58cc003f6a4b10
26,2df7c33eb783f074e4050bd2deaf15d5,2d4498d436bf5096a8c0aea540b49c49
26,b91df914c8be0f957b684b555de9227f,09dd767060fcaf760b58cc003f6a4b10
26,b91df914c8be0f957b684b555de9227f,2d4498d436bf5096a8c0aea540b49c49
26,af3255962fc9715ed9acde5da517954f,8dcbd46899afb0f7433b64b7de47b966
26,af3255962fc9715ed9acde5da517954f,712794fed25d9ffb31807f50f3d1338e
26,cb829f9c31c4ddc345d13f88eced130c,2f82ab4fda96c03cd582effd68c613ec
26,cb829f9c31c4ddc345d13f88eced130c,31061a07b84c35249ad1257e5f81c510
26,afb15ba937487625389194b08f08551d,46bfa84ca3f93410d5e46f88672eec5f
26,afb15ba937487625389194b08f08551d,874631b5850a3d0bc66145f8e47a1251
26,02e444c4c3e967dd5ca1c2180269ed34,ae9662c4e5c3c1073210e8db357f0277
26,02e444c4c3e967dd5ca1c2180269ed34,773dda7887e2c3eb44d8971e7a00240f
26,a85e663635947c964ac707c131b700e4,ae9662c4e5c3c1073210e8db357f0277
26,a85e663635947c964ac707c131b700e4,773dda7887e2c3eb44d8971e7a00240f