<?xml version="1.0" encoding="UTF-8"?>
<project-private xmlns="http://www.netbeans.org/ns/project-private/1">
    <editor-bookmarks xmlns="http://www.netbeans.org/ns/editor-bookmarks/2" lastBookmarkId="0"/>
    <open-files xmlns="http://www.netbeans.org/ns/projectui-open-files/2">
        <group>
            <file>file:/Users/zhangchen/NetBeansProjects/Project/src/project/Dialog_alter_name.java</file>
            <file>file:/Users/zhangchen/NetBeansProjects/Project/src/project/Customer.java</file>
            <file>file:/Users/zhangchen/NetBeansProjects/Project/src/project/Dialog_convert.java</file>
            <file>file:/Users/zhangchen/NetBeansProjects/Project/src/project/SavingAccount.java</file>
            <file>file:/Users/zhangchen/NetBeansProjects/Project/src/project/UseSavingBankAccount.java</file>
            <file>file:/Users/zhangchen/NetBeansProjects/Project/src/project/Dialog_display_all.java</file>
            <file>file:/Users/zhangchen/NetBeansProjects/Project/src/project/Dialog_exit.java</file>
            <file>file:/Users/zhangchen/NetBeansProjects/Project/src/project/Account.java</file>
            <file>file:/Users/zhangchen/NetBeansProjects/Project/src/project/GUI.java</file>
        </group>
    </open-files>
</project-private>
